Workbook

Sheet DATOS_ANALISIS
A1: CANCHA | B1: JUGADOR | C1: POSICION | D1: PUNTOS | H1: Etiquetas de fila | I1: Suma de PUNTOS
A2: 1 | B2: Andrea Julieth Sosa Rodriguez | C2: DERECHA | D2: 7 | F2: =IF(G2=1,"🥇",IF(G2=2,"🥈",IF(G2=3,"🥉",IF(G2=4,"🏅","")))) -> 🥇 | G2: 1 | H2: Nicole Lizarazo | I2: 35
A3: 1 | B3: Daniel Gutierrez | C3: DERECHA | D3: 2 | F3: =IF(G3=1,"🥇",IF(G3=2,"🥈",IF(G3=3,"🥉",IF(G3=4,"🏅","")))) -> 🥈 | G3: 2 | H3: Santiago Gutiérrez de Piñeres Barbosa | I3: 34
A4: 1 | B4: David Santiago Medina Buitrago | C4: DERECHA | D4: 14 | F4: =IF(G4=1,"🥇",IF(G4=2,"🥈",IF(G4=3,"🥉",IF(G4=4,"🏅","")))) -> 🥉 | G4: 3 | H4: Juan Pablo Benitez Bernal | I4: 34
A5: 1 | B5: David Santiago Murcia Barrera | C5: IZQUIERDA | D5: 1 | F5: =IF(G5=1,"🥇",IF(G5=2,"🥈",IF(G5=3,"🥉",IF(G5=4,"🏅","")))) -> 🏅 | G5: 4 | H5: Sergio Andrés López Rodríguez | I5: 33
A6: 1 | B6: Jaime Andres Castillo Alvarez | C6: IZQUIERDA | D6: 4 | F6: =IF(G6=1,"🥇",IF(G6=2,"🥈",IF(G6=3,"🥉",IF(G6=4,"🏅","")))) | G6: 5 | H6: Samuel Andrés Rodríguez Ulloa | I6: 33
A7: 1 | B7: Jaime Andres Castillo Alvarez | C7: DERECHA | D7: 9 | F7: =IF(G7=1,"🥇",IF(G7=2,"🥈",IF(G7=3,"🥉",IF(G7=4,"🏅","")))) | G7: 6 | H7: Jorge Enrique Lugo Lopez | I7: 32
A8: 1 | B8: Jorge Enrique Lugo Lopez | C8: DERECHA | D8: 7 | F8: =IF(G8=1,"🥇",IF(G8=2,"🥈",IF(G8=3,"🥉",IF(G8=4,"🏅","")))) | G8: 7 | H8: Tomas Barrios Guevara | I8: 32
A9: 1 | B9: juan miguel venegas garzón | C9: IZQUIERDA | D9: 4 | F9: =IF(G9=1,"🥇",IF(G9=2,"🥈",IF(G9=3,"🥉",IF(G9=4,"🏅","")))) | G9: 8 | H9: Luis Mario Ramirez Muñoz | I9: 31
A10: 1 | B10: Juan Pablo Aponte Veloza | C10: DERECHA | D10: 7 | F10: =IF(G10=1,"🥇",IF(G10=2,"🥈",IF(G10=3,"🥉",IF(G10=4,"🏅","")))) | G10: 9 | H10: Luis Jorge Garcia Camargo | I10: 31
A11: 1 | B11: Juliana Beltrán Díaz | C11: IZQUIERDA | D11: 7 | F11: =IF(G11=1,"🥇",IF(G11=2,"🥈",IF(G11=3,"🥉",IF(G11=4,"🏅","")))) | G11: 10 | H11: Fermin Alejandro Escalona Guillen | I11: 30
A12: 1 | B12: Luis Mario Ramirez Muñoz | C12: IZQUIERDA | D12: 7 | F12: =IF(G12=1,"🥇",IF(G12=2,"🥈",IF(G12=3,"🥉",IF(G12=4,"🏅","")))) | G12: 11 | H12: Juan Pablo Vargas Jiménez | I12: 30
A13: 1 | B13: María José Cifuentes | C13: DERECHA | D13: 5 | F13: =IF(G13=1,"🥇",IF(G13=2,"🥈",IF(G13=3,"🥉",IF(G13=4,"🏅","")))) | G13: 12 | H13: maria jose martinez villabona | I13: 29
... A37: 1 | B37: Andrea Julieth Sosa Rodriguez | C37: IZQUIERDA | D37: 6 | F37: =IF(G37=1,"🥇",IF(G37=2,"🥈",IF(G37=3,"🥉",IF(G37=4,"🏅","")))) | G37: 36 | H37: Daniel Gutierrez | I37: 12
A38: 1 | B38: Carlos Felipe Andrade Sáenz | C38: IZQUIERDA | D38: 1 | H38: Total general | I38: 938
A39: 1 | B39: Carlos Felipe Andrade Sáenz | C39: DERECHA | D39: 17
A40: 1 | B40: Daniel Gutierrez | C40: IZQUIERDA | D40: 6
A41: 1 | B41: David Santiago Murcia Barrera | C41: IZQUIERDA | D41: 5
A42: 1 | B42: Isabella Buitrago Hurtado | C42: IZQUIERDA | D42: 6
A43: 1 | B43: Jonatan Nicolas Marmolejo Lopez | C43: IZQUIERDA | D43: 7
A44: 1 | B44: Juan Pablo Benitez Bernal | C44: IZQUIERDA | D44: 7
A45: 1 | B45: Juan Pablo Vargas Jiménez | C45: DERECHA | D45: 7
A46: 1 | B46: Luis Jorge Garcia Camargo | C46: IZQUIERDA | D46: 5
A47: 1 | B47: Nicole Lizarazo | C47: IZQUIERDA | D47: 7
A48: 1 | B48: Nicole Lizarazo | C48: DERECHA | D48: 14
A49: 1 | B49: Samuel Andrés Rodríguez Ulloa | C49: DERECHA | D49: 5
A50: 1 | B50: Sergio Andrés López Rodríguez | C50: DERECHA | D50: 7
... A142: 2 | B142: Valentina Jimenez Gomez | C142: DERECHA | D142: 9

Sheet TD
A5: CANCHA | B5: ID_JUGADOR_1_EQUIPO_1 | C5: POSICION_JUGADOR_1_EQUIPO_1 | D5: Suma de PUNTO_EQUIPO_1 | F5: CANCHA | G5: ID_JUGADOR_2_EQUIPO_1 | H5: POSICION_JUGADOR_2_EQUIPO_1 | I5: Suma de PUNTO_EQUIPO_1 | L5: CANCHA | M5: ID_JUGADOR_1_EQUIPO_2 | N5: POSICION_JUGADOR_1_EQUIPO_2 | O5: Suma de PUNTO_EQUIPO_2 | Q5: CANCHA | R5: ID_JUGADOR_2_EQUIPO_2 | S5: POSICION_JUGADOR_2_EQUIPO_2 | T5: Suma de PUNTO_EQUIPO_2
A6: 1 | B6: Andrea Julieth Sosa Rodriguez | C6: DERECHA | D6: 7 | F6: 1 | G6: Cristian Stevan Soto Zapata | H6: IZQUIERDA | I6: 13 | L6: 1 | M6: Andrea Julieth Sosa Rodriguez | N6: IZQUIERDA | O6: 6 | Q6: 1 | R6: Andrea Julieth Sosa Rodriguez | T6: 5
A7: 1 | B7: Daniel Gutierrez | C7: DERECHA | D7: 2 | F7: 1 | G7: Daniel Gutierrez | H7: IZQUIERDA | I7: 2 | L7: 1 | M7: Carlos Felipe Andrade Sáenz | N7: IZQUIERDA | O7: 1 | Q7: 1 | R7: César Camilo Díaz Cufiño | S7: DERECHA | T7: 11
A8: 1 | B8: David Santiago Medina Buitrago | C8: DERECHA | D8: 14 | F8: 1 | G8: David Santiago Murcia Barrera | H8: IZQUIERDA | I8: 5 | L8: 1 | M8: Carlos Felipe Andrade Sáenz | N8: DERECHA | O8: 17 | Q8: 1 | R8: Cristian Stevan Soto Zapata | S8: IZQUIERDA | T8: 7
A9: 1 | B9: David Santiago Murcia Barrera | C9: IZQUIERDA | D9: 1 | F9: 1 | G9: Fermin Alejandro Escalona Guillen | H9: IZQUIERDA | I9: 13 | L9: 1 | M9: Daniel Gutierrez | N9: IZQUIERDA | O9: 6 | Q9: 1 | R9: Fermin Alejandro Escalona Guillen | S9: DERECHA | T9: 7
A10: 1 | B10: Jaime Andres Castillo Alvarez | C10: IZQUIERDA | D10: 4 | F10: 1 | G10: Fermin Alejandro Escalona Guillen | H10: DERECHA | I10: 4 | L10: 1 | M10: David Santiago Murcia Barrera | N10: IZQUIERDA | O10: 5 | Q10: 1 | R10: Jorge Enrique Lugo Lopez | S10: IZQUIERDA | T10: 7
A11: 1 | B11: Jaime Andres Castillo Alvarez | C11: DERECHA | D11: 9 | F11: 1 | G11: Isabella Buitrago Hurtado | H11: IZQUIERDA | I11: 7 | L11: 1 | M11: Isabella Buitrago Hurtado | N11: IZQUIERDA | O11: 6 | Q11: 1 | R11: Jorge Enrique Lugo Lopez | S11: DERECHA | T11: 7
A12: 1 | B12: Jorge Enrique Lugo Lopez | C12: DERECHA | D12: 7 | F12: 1 | G12: Isabella Buitrago Hurtado | H12: DERECHA | I12: 1 | L12: 1 | M12: Jonatan Nicolas Marmolejo Lopez | N12: IZQUIERDA | O12: 7 | Q12: 1 | R12: Juan Pablo Benitez Bernal | S12: IZQUIERDA | T12: 14
A13: 1 | B13: juan miguel venegas garzón | C13: IZQUIERDA | D13: 4 | F13: 1 | G13: Jaime Andres Castillo Alvarez | H13: IZQUIERDA | I13: 7 | L13: 1 | M13: Juan Pablo Benitez Bernal | N13: IZQUIERDA | O13: 7 | Q13: 1 | R13: Juan Pablo Vargas Jiménez | S13: DERECHA | T13: 6
A14: 1 | B14: Juan Pablo Aponte Veloza | C14: DERECHA | D14: 7 | F14: 1 | G14: Juan Pablo Aponte Veloza | H14: IZQUIERDA | I14: 2 | L14: 1 | M14: Juan Pablo Vargas Jiménez | N14: DERECHA | O14: 7 | Q14: 1 | R14: Luis Jorge Garcia Camargo | S14: DERECHA | T14: 5
A15: 1 | B15: Juliana Beltrán Díaz | C15: IZQUIERDA | D15: 7 | F15: 1 | G15: Juan Pablo Benitez Bernal | H15: DERECHA | I15: 7 | L15: 1 | M15: Luis Jorge Garcia Camargo | N15: IZQUIERDA | O15: 5 | Q15: 1 | R15: María José Cifuentes | S15: IZQUIERDA | T15: 11
A16: 1 | B16: Luis Mario Ramirez Muñoz | C16: IZQUIERDA | D16: 7 | F16: 1 | G16: Maria Fernanda Tamayo Lopez | H16: DERECHA | I16: 7 | L16: 1 | M16: Nicole Lizarazo | N16: IZQUIERDA | O16: 7 | Q16: 1 | R16: Nikol sofia avendaño | S16: DERECHA | T16: 5
A17: 1 | B17: María José Cifuentes | C17: DERECHA | D17: 5 | F17: 1 | G17: María José Cifuentes | H17: IZQUIERDA | I17: 1 | L17: 1 | M17: Nicole Lizarazo | N17: DERECHA | O17: 14 | Q17: 1 | R17: Samuel Andrés Rodríguez Ulloa | S17: DERECHA | T17: 7
A18: 1 | B18: Nicole Lizarazo | C18: IZQUIERDA | D18: 7 | F18: 1 | G18: maria jose martinez villabona | H18: IZQUIERDA | I18: 7 | L18: 1 | M18: Samuel Andrés Rodríguez Ulloa | N18: DERECHA | O18: 5 | Q18: 1 | R18: Santiago Navarro Cuy | S18: IZQUIERDA | T18: 7
... A22: 1 | B22: Valentina Alejandra Lopez Romero | C22: DERECHA | D22: 11 | F22: 1 | G22: Santiago Urrego Rodríguez | H22: IZQUIERDA | I22: 5 | L22: 1 | M22: Valentina Jimenez Gomez | N22: IZQUIERDA | O22: 5 | Q22: 1 | R22: Valentina Jimenez Gomez | S22: DERECHA | T22: 6
A23: Total general | D23: 105 | F23: 1 | G23: Valentina Alejandra Lopez Romero | H23: DERECHA | I23: 7 | L23: Total general | O23: 117 | Q23: Total general | T23: 117
F24: Grand Total | I24: 105
A31: CANCHA | B31: ID_JUGADOR_1_EQUIPO_1 | C31: POSICION_JUGADOR_1_EQUIPO_1 | D31: Suma de PUNTO_EQUIPO_1 | F31: CANCHA | G31: ID_JUGADOR_2_EQUIPO_1 | H31: POSICION_JUGADOR_2_EQUIPO_1 | I31: Suma de PUNTO_EQUIPO_1 | L31: CANCHA | M31: ID_JUGADOR_1_EQUIPO_2 | N31: POSICION_JUGADOR_1_EQUIPO_2 | O31: Suma de PUNTO_EQUIPO_2 | Q31: CANCHA | R31: ID_JUGADOR_2_EQUIPO_2 | S31: POSICION_JUGADOR_2_EQUIPO_2 | T31: Suma de PUNTO_EQUIPO_2
A32: 2 | B32: Andrea Julieth Sosa Rodriguez | C32: IZQUIERDA | D32: 7 | F32: 2 | G32: Carlos Felipe Andrade Sáenz | H32: DERECHA | I32: 6 | L32: 2 | M32: César Camilo Díaz Cufiño | N32: IZQUIERDA | O32: 7 | Q32: 2 | R32: César Camilo Díaz Cufiño | S32: DERECHA | T32: 10
A33: 2 | B33: Cristian Stevan Soto Zapata | C33: IZQUIERDA | D33: 7 | F33: 2 | G33: Isabella Buitrago Hurtado | H33: DERECHA | I33: 2 | L33: 2 | M33: Cristian Stevan Soto Zapata | N33: IZQUIERDA | O33: 2 | Q33: 2 | R33: David Santiago Medina Buitrago | S33: IZQUIERDA | T33: 13
A34: 2 | B34: Daniel Gutierrez | C34: IZQUIERDA | D34: 2 | F34: 2 | G34: Jonatan Nicolas Marmolejo Lopez | H34: IZQUIERDA | I34: 10 | L34: 2 | M34: David Santiago Medina Buitrago | N34: DERECHA | O34: 2 | Q34: 2 | R34: Jaime Andres Castillo Alvarez | S34: IZQUIERDA | T34: 7
A35: 2 | B35: David Santiago Murcia Barrera | C35: IZQUIERDA | D35: 2 | F35: 2 | G35: Jorge Enrique Lugo Lopez | H35: DERECHA | I35: 4 | L35: 2 | M35: Fermin Alejandro Escalona Guillen | N35: DERECHA | O35: 6 | Q35: 2 | R35: Jorge Enrique Lugo Lopez | S35: IZQUIERDA | T35: 7
A36: 2 | B36: Juliana Beltrán Díaz | C36: DERECHA | D36: 9 | F36: 2 | G36: juan miguel venegas garzón | H36: DERECHA | I36: 14 | L36: 2 | M36: Isabella Buitrago Hurtado | N36: IZQUIERDA | O36: 7 | Q36: 2 | R36: Juan Pablo Aponte Veloza | S36: DERECHA | T36: 9
A37: 2 | B37: Luis Mario Ramirez Muñoz | C37: IZQUIERDA | D37: 13 | F37: 2 | G37: Juan Pablo Aponte Veloza | H37: IZQUIERDA | I37: 2 | L37: 2 | M37: Jonatan Nicolas Marmolejo Lopez | N37: DERECHA | O37: 7 | Q37: 2 | R37: Juan Pablo Vargas Jiménez | S37: IZQUIERDA | T37: 8
A38: 2 | B38: Maria Fernanda Tamayo Lopez | C38: DERECHA | D38: 2 | F38: 2 | G38: Juan Pablo Vargas Jiménez | H38: DERECHA | I38: 5 | L38: 2 | M38: juan miguel venegas garzón | N38: DERECHA | O38: 5 | Q38: 2 | R38: Luis Mario Ramirez Muñoz | S38: IZQUIERDA | T38: 7
A39: 2 | B39: María José Cifuentes | C39: IZQUIERDA | D39: 7 | F39: 2 | G39: Juan Pablo Vargas Jiménez | H39: IZQUIERDA | I39: 4 | L39: 2 | M39: Juan Pablo Benitez Bernal | N39: IZQUIERDA | O39: 6 | Q39: 2 | R39: maria jose martinez villabona | S39: IZQUIERDA | T39: 6
A40: 2 | B40: Nicolas Navarro | C40: IZQUIERDA | D40: 10 | F40: 2 | G40: Juliana Beltrán Díaz | H40: DERECHA | I40: 2 | L40: 2 | M40: Juliana Beltrán Díaz | N40: DERECHA | O40: 7 | Q40: 2 | R40: Nicolas Navarro | S40: DERECHA | T40: 7
A41: 2 | B41: Rafael Andres Salcedo Valdivieso | C41: DERECHA | D41: 14 | F41: 2 | G41: Luis Jorge Garcia Camargo | H41: DERECHA | I41: 7 | L41: 2 | M41: Luis Jorge Garcia Camargo | N41: DERECHA | O41: 7 | Q41: 2 | R41: Nicolas Navarro | S41: IZQUIERDA | T41: 4
A42: 2 | B42: Samuel Andrés Rodríguez Ulloa | C42: DERECHA | D42: 7 | F42: 2 | G42: Luis Jorge Garcia Camargo | H42: IZQUIERDA | I42: 7 | L42: 2 | M42: Luis Mario Ramirez Muñoz | N42: IZQUIERDA | O42: 4 | Q42: 2 | R42: Nikol sofia avendaño | S42: IZQUIERDA | T42: 6
A43: 2 | B43: Santiago Navarro Cuy | C43: IZQUIERDA | D43: 8 | F43: 2 | G43: Maria Fernanda Tamayo Lopez | H43: DERECHA | I43: 6 | L43: 2 | M43: Maria Fernanda Tamayo Lopez | N43: DERECHA | O43: 14 | Q43: 2 | R43: Rafael Andres Salcedo Valdivieso | S43: DERECHA | T43: 7
... A47: 2 | B47: Sergio Andrés López Rodríguez | C47: IZQUIERDA | D47: 7 | F47: 2 | G47: Santiago Gutiérrez de Piñeres Barbosa | H47: DERECHA | I47: 7 | L47: 2 | M47: Santiago Navarro Cuy | N47: IZQUIERDA | O47: 2 | Q47: 2 | R47: Sergio Andrés López Rodríguez | S47: IZQUIERDA | T47: 12
A48: Total general | D48: 117 | F48: 2 | G48: Santiago Peña Beltran | H48: DERECHA | I48: 1 | L48: 2 | M48: sara juliana solano boada | N48: IZQUIERDA | O48: 7 | Q48: 2 | R48: Valentina Alejandra Lopez Romero | S48: IZQUIERDA | T48: 2
F49: 2 | G49: sara juliana solano boada | H49: DERECHA | I49: 7 | L49: 2 | M49: Tomas Barrios Guevara | N49: IZQUIERDA | O49: 14 | Q49: 2 | R49: Valentina Jimenez Gomez | S49: DERECHA | T49: 9
F50: 2 | G50: Sergio Andrés López Rodríguez | H50: IZQUIERDA | I50: 7 | L50: Total general | O50: 130 | Q50: Total general | T50: 130
F51: 2 | G51: Valentina Jimenez Gomez | H51: IZQUIERDA | I51: 6
F52: Total general | I52: 117

Sheet Cancha
A1: ID_PARTIDO | B1: CANCHA | C1: ID_PUNTO | D1: ID_JUGADOR_1_EQUIPO_1 | E1: ID_JUGADOR_2_EQUIPO_1 | F1: ID_JUGADOR_1_EQUIPO_2 | G1: ID_JUGADOR_2_EQUIPO_2 | H1: POSICION_JUGADOR_1_EQUIPO_1 | I1: POSICION_JUGADOR_2_EQUIPO_1 | J1: POSICION_JUGADOR_1_EQUIPO_2 | K1: POSICION_JUGADOR_2_EQUIPO_2 | L1: PUNTO_EQUIPO_1 | M1: PUNTO_EQUIPO_2
A2: 2 | B2: 2 | C2: 1 | D2: Luis Mario Ramirez Munoz | E2: Santiago Gutierrez de Pineres | F2: Nikol sofia avendano | G2: =VLOOKUP(Tabla138[[#This Row],[ID_PARTIDO]],Original!$AT$1:$AY$46,5,FALSE) -> Valentina Jimenez Gomez | H2: IZQUIERDA | I2: DERECHA | J2: IZQUIERDA | K2: DERECHA | L2: 1 | M2: 0 | Q2: ID_JUGADOR_1_EQUIPO_1 | R2: ID_PARTIDO | S2: Suma de PUNTO_EQUIPO_1 | V2: ID_JUGADOR_2_EQUIPO_1 | W2: ID_PARTIDO | X2: Suma de PUNTO_EQUIPO_1 | Z2: ID_JUGADOR_1_EQUIPO_2 | AA2: ID_PARTIDO | AB2: Suma de PUNTO_EQUIPO_2 | AD2: ID_JUGADOR_2_EQUIPO_2 | AE2: ID_PARTIDO | AF2: Suma de PUNTO_EQUIPO_2
A3: 2 | B3: 2 | C3: 2 | D3: Luis Mario Ramirez Munoz | E3: Santiago Gutierrez de Pineres | F3: Nikol sofia avendano | G3: =VLOOKUP(Tabla138[[#This Row],[ID_PARTIDO]],Original!$AT$1:$AY$46,5,FALSE) -> Valentina Jimenez Gomez | H3: IZQUIERDA | I3: DERECHA | J3: IZQUIERDA | K3: DERECHA | L3: 1 | M3: 0 | Q3: Andrea Julieth Sosa Rodriguez | R3: 30 | S3: 7 | V3: Carlos Felipe Andrade Saenz | W3: 6 | X3: 6 | Z3: César Camilo Díaz Cufiño | AA3: 24 | AB3: 7 | AD3: César Camilo Díaz Cufiño | AE3: 14 | AF3: 4
A4: 2 | B4: 2 | C4: 3 | D4: Luis Mario Ramirez Munoz | E4: Santiago Gutierrez de Pineres | F4: Nikol sofia avendano | G4: =VLOOKUP(Tabla138[[#This Row],[ID_PARTIDO]],Original!$AT$1:$AY$46,5,FALSE) -> Valentina Jimenez Gomez | H4: IZQUIERDA | I4: DERECHA | J4: IZQUIERDA | K4: DERECHA | L4: 1 | M4: 0 | Q4: Cristian Stevan Soto Zapata | R4: 32 | S4: 7 | V4: Isabella Buitrago Hurtado | W4: 26 | X4: 2 | Z4: Cristian Stevan Soto Zapata | AA4: 42 | AB4: 2 | AD4: César Camilo Díaz Cufiño | AE4: 30 | AF4: 6
A5: 2 | B5: 2 | C5: 4 | D5: Luis Mario Ramirez Munoz | E5: Santiago Gutierrez de Pineres | F5: Nikol sofia avendano | G5: =VLOOKUP(Tabla138[[#This Row],[ID_PARTIDO]],Original!$AT$1:$AY$46,5,FALSE) -> Valentina Jimenez Gomez | H5: IZQUIERDA | I5: DERECHA | J5: IZQUIERDA | K5: DERECHA | L5: 0 | M5: 1 | Q5: Daniel Gutierrez | R5: 26 | S5: 2 | V5: Jonatan Nicolas Marmolejo Lopez | W5: 18 | X5: 3 | Z5: David Santiago Medina Buitrago | AA5: 28 | AB5: 2 | AD5: David Santiago Medina Buitrago | AE5: 6 | AF5: 6
A6: 2 | B6: 2 | C6: 5 | D6: Luis Mario Ramirez Munoz | E6: Santiago Gutierrez de Pineres | F6: Nikol sofia avendano | G6: =VLOOKUP(Tabla138[[#This Row],[ID_PARTIDO]],Original!$AT$1:$AY$46,5,FALSE) -> Valentina Jimenez Gomez | H6: IZQUIERDA | I6: DERECHA | J6: IZQUIERDA | K6: DERECHA | L6: 1 | M6: 0 | Q6: David Santiago Murcia Barrera | R6: 36 | S6: 2 | V6: Jonatan Nicolas Marmolejo Lopez | W6: 28 | X6: 7 | Z6: Fermin Alejandro Escalona Guillen | AA6: 6 | AB6: 6 | AD6: David Santiago Medina Buitrago | AE6: 40 | AF6: 7
A7: 2 | B7: 2 | C7: 6 | D7: Luis Mario Ramirez Munoz | E7: Santiago Gutierrez de Pineres | F7: Nikol sofia avendano | G7: =VLOOKUP(Tabla138[[#This Row],[ID_PARTIDO]],Original!$AT$1:$AY$46,5,FALSE) -> Valentina Jimenez Gomez | H7: IZQUIERDA | I7: DERECHA | J7: IZQUIERDA | K7: DERECHA | L7: 0 | M7: 1 | Q7: Jaime Andres Castillo Alvarez | R7: 37 | S7: 4 | V7: Jorge Enrique Lugo Lopez | W7: 24 | X7: 4 | Z7: Isabella Buitrago Hurtado | AA7: 22 | AB7: 7 | AD7: Jaime Andres Castillo Alvarez | AE7: 18 | AF7: 7
A8: 2 | B8: 2 | C8: 7 | D8: Luis Mario Ramirez Munoz | E8: Santiago Gutierrez de Pineres | F8: Nikol sofia avendano | G8: =VLOOKUP(Tabla138[[#This Row],[ID_PARTIDO]],Original!$AT$1:$AY$46,5,FALSE) -> Valentina Jimenez Gomez | H8: IZQUIERDA | I8: DERECHA | J8: IZQUIERDA | K8: DERECHA | L8: 1 | M8: 0 | Q8: Juliana Beltrán Díaz | R8: 18 | S8: 3 | V8: juan miguel venegas garzón | W8: 30 | X8: 7 | Z8: Jonatan Nicolas Marmolejo Lopez | AA8: 40 | AB8: 7 | AD8: Jorge Enrique Lugo Lopez | AE8: 38 | AF8: 7
A9: 2 | B9: 2 | C9: 8 | D9: Luis Mario Ramirez Munoz | E9: Santiago Gutierrez de Pineres | F9: Nikol sofia avendano | G9: =VLOOKUP(Tabla138[[#This Row],[ID_PARTIDO]],Original!$AT$1:$AY$46,5,FALSE) -> Valentina Jimenez Gomez | H9: IZQUIERDA | I9: DERECHA | J9: IZQUIERDA | K9: DERECHA | L9: 1 | M9: 0 | Q9: Juliana Beltrán Díaz | R9: 22 | S9: 6 | V9: juan miguel venegas garzón | W9: 42 | X9: 7 | Z9: juan miguel venegas garzón | AA9: 32 | AB9: 5 | AD9: Juan Pablo Aponte Veloza | AE9: 4 | AF9: 2
A10: 2 | B10: 2 | C10: 9 | D10: Luis Mario Ramirez Munoz | E10: Santiago Gutierrez de Pineres | F10: Nikol sofia avendano | G10: =VLOOKUP(Tabla138[[#This Row],[ID_PARTIDO]],Original!$AT$1:$AY$46,5,FALSE) -> Valentina Jimenez Gomez | H10: IZQUIERDA | I10: DERECHA | J10: IZQUIERDA | K10: DERECHA | L10: 1 | M10: 0 | Q10: Luis Mario Ramirez Munoz | R10: 2 | S10: 7 | V10: Juan Pablo Aponte Veloza | W10: 44 | X10: 2 | Z10: Juan Pablo Benitez Bernal | AA10: 30 | AB10: 6 | AD10: Juan Pablo Aponte Veloza | AE10: 20 | AF10: 7
A11: 6 | B11: 2 | C11: 1 | D11: Luis Mario Ramirez Munoz | E11: Carlos Felipe Andrade Saenz | F11: =VLOOKUP(Tabla138[[#This Row],[ID_PARTIDO]],Original!$AT$1:$AY$46,4,FALSE) -> Fermin Alejandro Escalona Guillen | G11: =VLOOKUP(Tabla138[[#This Row],[ID_PARTIDO]],Original!$AT$1:$AY$46,5,FALSE) -> David Santiago Medina Buitrago | H11: IZQUIERDA | I11: DERECHA | J11: DERECHA | K11: IZQUIERDA | L11: 0 | M11: 1 | Q11: Luis Mario Ramirez Munoz | R11: 6 | S11: 6 | V11: Juan Pablo Vargas Jiménez | W11: 20 | X11: 5 | Z11: Juliana Beltrán Díaz | AA11: 44 | AB11: 7 | AD11: Juan Pablo Benitez Bernal | AE11: 37 | AF11: 7
A12: 6 | B12: 2 | C12: 2 | D12: Luis Mario Ramirez Munoz | E12: Carlos Felipe Andrade Saenz | F12: =VLOOKUP(Tabla138[[#This Row],[ID_PARTIDO]],Original!$AT$1:$AY$46,4,FALSE) -> Fermin Alejandro Escalona Guillen | G12: =VLOOKUP(Tabla138[[#This Row],[ID_PARTIDO]],Original!$AT$1:$AY$46,5,FALSE) -> David Santiago Medina Buitrago | H12: IZQUIERDA | I12: DERECHA | J12: DERECHA | K12: IZQUIERDA | L12: 1 | M12: 0 | Q12: Maria Fernanda Tamayo Lopez | R12: 44 | S12: 2 | V12: Juan Pablo Vargas Jiménez | W12: 40 | X12: 4 | Z12: Luis Jorge Garcia Camargo | AA12: 12 | AB12: 7 | AD12: Juan Pablo Vargas Jiménez | AE12: 39 | AF12: 8
A13: 6 | B13: 2 | C13: 3 | D13: Luis Mario Ramirez Munoz | E13: Carlos Felipe Andrade Saenz | F13: =VLOOKUP(Tabla138[[#This Row],[ID_PARTIDO]],Original!$AT$1:$AY$46,4,FALSE) -> Fermin Alejandro Escalona Guillen | G13: =VLOOKUP(Tabla138[[#This Row],[ID_PARTIDO]],Original!$AT$1:$AY$46,5,FALSE) -> David Santiago Medina Buitrago | H13: IZQUIERDA | I13: DERECHA | J13: DERECHA | K13: IZQUIERDA | L13: 0 | M13: 1 | Q13: María José Cifuentes | R13: 14 | S13: 7 | V13: Juliana Beltrán Díaz | W13: 36 | X13: 2 | Z13: Luis Mario Ramirez Muñoz | AA13: 14 | AB13: 4 | AD13: Luis Mario Ramirez Munoz | AE13: 44 | AF13: 7
A14: 6 | B14: 2 | C14: 4 | D14: Luis Mario Ramirez Munoz | E14: Carlos Felipe Andrade Saenz | F14: =VLOOKUP(Tabla138[[#This Row],[ID_PARTIDO]],Original!$AT$1:$AY$46,4,FALSE) -> Fermin Alejandro Escalona Guillen | G14: =VLOOKUP(Tabla138[[#This Row],[ID_PARTIDO]],Original!$AT$1:$AY$46,5,FALSE) -> David Santiago Medina Buitrago | H14: IZQUIERDA | I14: DERECHA | J14: DERECHA | K14: IZQUIERDA | L14: 1 | M14: 0 | Q14: Nicolas Navarro | R14: 38 | S14: 4 | V14: Luis Jorge Garcia Camargo | W14: 4 | X14: 7 | Z14: Maria Fernanda Tamayo Lopez | AA14: 16 | AB14: 6 | AD14: maria jose martinez villabona | AE14: 16 | AF14: 6
A15: 6 | B15: 2 | C15: 5 | D15: Luis Mario Ramirez Munoz | E15: Carlos Felipe Andrade Saenz | F15: =VLOOKUP(Tabla138[[#This Row],[ID_PARTIDO]],Original!$AT$1:$AY$46,4,FALSE) -> Fermin Alejandro Escalona Guillen | G15: =VLOOKUP(Tabla138[[#This Row],[ID_PARTIDO]],Original!$AT$1:$AY$46,5,FALSE) -> David Santiago Medina Buitrago | H15: IZQUIERDA | I15: DERECHA | J15: DERECHA | K15: IZQUIERDA | L15: 1 | M15: 0 | Q15: Nicolas Navarro | R15: 39 | S15: 6 | V15: Luis Jorge Garcia Camargo | W15: 32 | X15: 7 | Z15: Maria Fernanda Tamayo Lopez | AA15: 39 | AB15: 8 | AD15: Nicolas Navarro | AE15: 8 | AF15: 4
A16: 6 | B16: 2 | C16: 6 | D16: Luis Mario Ramirez Munoz | E16: Carlos Felipe Andrade Saenz | F16: =VLOOKUP(Tabla138[[#This Row],[ID_PARTIDO]],Original!$AT$1:$AY$46,4,FALSE) -> Fermin Alejandro Escalona Guillen | G16: =VLOOKUP(Tabla138[[#This Row],[ID_PARTIDO]],Original!$AT$1:$AY$46,5,FALSE) -> David Santiago Medina Buitrago | H16: IZQUIERDA | I16: DERECHA | J16: DERECHA | K16: IZQUIERDA | L16: 0 | M16: 1 | Q16: Rafael Andres Salcedo Valdivieso | R16: 4 | S16: 7 | V16: Maria Fernanda Tamayo Lopez | W16: 10 | X16: 6 | Z16: maria jose martinez villabona | AA16: 8 | AB16: 4 | AD16: Nicolas Navarro | AE16: 26 | AF16: 7
A17: 6 | B17: 2 | C17: 7 | D17: Luis Mario Ramirez Munoz | E17: Carlos Felipe Andrade Saenz | F17: =VLOOKUP(Tabla138[[#This Row],[ID_PARTIDO]],Original!$AT$1:$AY$46,4,FALSE) -> Fermin Alejandro Escalona Guillen | G17: =VLOOKUP(Tabla138[[#This Row],[ID_PARTIDO]],Original!$AT$1:$AY$46,5,FALSE) -> David Santiago Medina Buitrago | H17: IZQUIERDA | I17: DERECHA | J17: DERECHA | K17: IZQUIERDA | L17: 0 | M17: 1 | Q17: Rafael Andres Salcedo Valdivieso | R17: 28 | S17: 7 | V17: maria jose martinez villabona | W17: 39 | X17: 6 | Z17: maria jose martinez villabona | AA17: 10 | AB17: 6 | AD17: Nikol sofia avendaño | AE17: 10 | AF17: 6
A18: 6 | B18: 2 | C18: 8 | D18: Luis Mario Ramirez Munoz | E18: Carlos Felipe Andrade Saenz | F18: =VLOOKUP(Tabla138[[#This Row],[ID_PARTIDO]],Original!$AT$1:$AY$46,4,FALSE) -> Fermin Alejandro Escalona Guillen | G18: =VLOOKUP(Tabla138[[#This Row],[ID_PARTIDO]],Original!$AT$1:$AY$46,5,FALSE) -> David Santiago Medina Buitrago | H18: IZQUIERDA | I18: DERECHA | J18: DERECHA | K18: IZQUIERDA | L18: 1 | M18: 0 | Q18: Samuel Andrés Rodríguez Ulloa | R18: 8 | S18: 7 | V18: Nicolas Navarro | W18: 37 | X18: 4 | Z18: Nicole Lizarazo | AA18: 37 | AB18: 7 | AD18: Rafael Andres Salcedo Valdivieso | AE18: 36 | AF18: 7
A19: 6 | B19: 2 | C19: 9 | D19: Luis Mario Ramirez Munoz | E19: Carlos Felipe Andrade Saenz | F19: =VLOOKUP(Tabla138[[#This Row],[ID_PARTIDO]],Original!$AT$1:$AY$46,4,FALSE) -> Fermin Alejandro Escalona Guillen | G19: =VLOOKUP(Tabla138[[#This Row],[ID_PARTIDO]],Original!$AT$1:$AY$46,5,FALSE) -> David Santiago Medina Buitrago | H19: IZQUIERDA | I19: DERECHA | J19: DERECHA | K19: IZQUIERDA | L19: 0 | M19: 1 | Q19: Santiago Navarro Cuy | R19: 20 | S19: 5 | V19: Rafael Andres Salcedo Valdivieso | W19: 14 | X19: 7 | Z19: Nikol sofia avendano | AA19: 2 | AB19: 2 | AD19: Samuel Andrés Rodríguez Ulloa | AE19: 34 | AF19: 7
A20: 6 | B20: 2 | C20: 10 | D20: Luis Mario Ramirez Munoz | E20: Carlos Felipe Andrade Saenz | F20: =VLOOKUP(Tabla138[[#This Row],[ID_PARTIDO]],Original!$AT$1:$AY$46,4,FALSE) -> Fermin Alejandro Escalona Guillen | G20: =VLOOKUP(Tabla138[[#This Row],[ID_PARTIDO]],Original!$AT$1:$AY$46,5,FALSE) -> David Santiago Medina Buitrago | H20: IZQUIERDA | I20: DERECHA | J20: DERECHA | K20: IZQUIERDA | L20: 1 | M20: 0 | Q20: Santiago Navarro Cuy | R20: 34 | S20: 3 | V20: Samuel Andrés Rodríguez Ulloa | W20: 16 | X20: 7 | Z20: Nikol sofia avendaño | AA20: 34 | AB20: 7 | AD20: Santiago Gutiérrez de Piñeres Barbosa | AE20: 22 | AF20: 7
A21: 6 | B21: 2 | C21: 11 | D21: Luis Mario Ramirez Munoz | E21: Carlos Felipe Andrade Saenz | F21: =VLOOKUP(Tabla138[[#This Row],[ID_PARTIDO]],Original!$AT$1:$AY$46,4,FALSE) -> Fermin Alejandro Escalona Guillen | G21: =VLOOKUP(Tabla138[[#This Row],[ID_PARTIDO]],Original!$AT$1:$AY$46,5,FALSE) -> David Santiago Medina Buitrago | H21: IZQUIERDA | I21: DERECHA | J21: DERECHA | K21: IZQUIERDA | L21: 0 | M21: 1 | Q21: Santiago Peña Beltran | R21: 16 | S21: 7 | V21: Santiago Gutierrez de Pineres | W21: 2 | X21: 7 | Z21: Santiago Gutiérrez de Piñeres Barbosa | AA21: 18 | AB21: 7 | AD21: sara juliana solano boada | AE21: 42 | AF21: 2
A22: 6 | B22: 2 | C22: 12 | D22: Luis Mario Ramirez Munoz | E22: Carlos Felipe Andrade Saenz | F22: =VLOOKUP(Tabla138[[#This Row],[ID_PARTIDO]],Original!$AT$1:$AY$46,4,FALSE) -> Fermin Alejandro Escalona Guillen | G22: =VLOOKUP(Tabla138[[#This Row],[ID_PARTIDO]],Original!$AT$1:$AY$46,5,FALSE) -> David Santiago Medina Buitrago | H22: IZQUIERDA | I22: DERECHA | J22: DERECHA | K22: IZQUIERDA | L22: 1 | M22: 0 | Q22: Santiago Urrego Rodríguez | R22: 10 | S22: 6 | V22: Santiago Peña Beltran | W22: 12 | X22: 1 | Z22: Santiago Gutiérrez de Piñeres Barbosa | AA22: 38 | AB22: 7 | AD22: Sergio Andrés López Rodríguez | AE22: 12 | AF22: 7
A23: 8 | B23: 2 | C23: 1 | D23: Samuel Andrés Rodríguez Ulloa | E23: Sergio Andrés López Rodríguez | F23: maria jose martinez villabona | G23: =VLOOKUP(Tabla138[[#This Row],[ID_PARTIDO]],Original!$AT$1:$AY$46,5,FALSE) -> Nicolas Navarro | H23: DERECHA | I23: IZQUIERDA | J23: DERECHA | K23: IZQUIERDA | L23: 1 | M23: 0 | Q23: Santiago Urrego Rodríguez | R23: 12 | S23: 1 | V23: sara juliana solano boada | W23: 34 | X23: 3 | Z23: Santiago Navarro Cuy | AA23: 4 | AB23: 2 | AD23: Sergio Andrés López Rodríguez | AE23: 32 | AF23: 5
A24: 8 | B24: 2 | C24: 2 | D24: Samuel Andrés Rodríguez Ulloa | E24: Sergio Andrés López Rodríguez | F24: maria jose martinez villabona | G24: =VLOOKUP(Tabla138[[#This Row],[ID_PARTIDO]],Original!$AT$1:$AY$46,5,FALSE) -> Nicolas Navarro | H24: DERECHA | I24: IZQUIERDA | J24: DERECHA | K24: IZQUIERDA | L24: 1 | M24: 0 | Q24: Santiago Urrego Rodríguez | R24: 24 | S24: 4 | V24: sara juliana solano boada | W24: 38 | X24: 4 | Z24: sara juliana solano boada | AA24: 20 | AB24: 7 | AD24: Valentina Alejandra Lopez Romero | AE24: 28 | AF24: 2
A25: 8 | B25: 2 | C25: 3 | D25: Samuel Andrés Rodríguez Ulloa | E25: Sergio Andrés López Rodríguez | F25: maria jose martinez villabona | G25: =VLOOKUP(Tabla138[[#This Row],[ID_PARTIDO]],Original!$AT$1:$AY$46,5,FALSE) -> Nicolas Navarro | H25: DERECHA | I25: IZQUIERDA | J25: DERECHA | K25: IZQUIERDA | L25: 0 | M25: 1 | Q25: sara juliana solano boada | R25: 40 | S25: 4 | V25: Sergio Andrés López Rodríguez | W25: 8 | X25: 7 | Z25: Tomas Barrios Guevara | AA25: 26 | AB25: 7 | AD25: Valentina Jimenez Gomez | AE25: 2 | AF25: 2
A26: 8 | B26: 2 | C26: 4 | D26: Samuel Andrés Rodríguez Ulloa | E26: Sergio Andrés López Rodríguez | F26: maria jose martinez villabona | G26: =VLOOKUP(Tabla138[[#This Row],[ID_PARTIDO]],Original!$AT$1:$AY$46,5,FALSE) -> Nicolas Navarro | H26: DERECHA | I26: IZQUIERDA | J26: DERECHA | K26: IZQUIERDA | L26: 0 | M26: 1 | Q26: Sergio Andrés López Rodríguez | R26: 42 | S26: 7 | V26: Valentina Jimenez Gomez | W26: 22 | X26: 6 | Z26: Tomas Barrios Guevara | AA26: 36 | AB26: 7 | AD26: Valentina Jimenez Gomez | AE26: 24 | AF26: 7
A27: 8 | B27: 2 | C27: 5 | D27: Samuel Andrés Rodríguez Ulloa | E27: Sergio Andrés López Rodríguez | F27: maria jose martinez villabona | G27: =VLOOKUP(Tabla138[[#This Row],[ID_PARTIDO]],Original!$AT$1:$AY$46,5,FALSE) -> Nicolas Navarro | H27: DERECHA | I27: IZQUIERDA | J27: DERECHA | K27: IZQUIERDA | L27: 0 | M27: 1 | Q27: Total general | S27: 121 | V27: Total general | X27: 121 | Z27: Total general | AB27: 137 | AD27: (en blanco) | AE27: (en blanco)
A28: 8 | B28: 2 | C28: 6 | D28: Samuel Andrés Rodríguez Ulloa | E28: Sergio Andrés López Rodríguez | F28: maria jose martinez villabona | G28: =VLOOKUP(Tabla138[[#This Row],[ID_PARTIDO]],Original!$AT$1:$AY$46,5,FALSE) -> Nicolas Navarro | H28: DERECHA | I28: IZQUIERDA | J28: DERECHA | K28: IZQUIERDA | L28: 0 | M28: 1 | AD28: Total general | AF28: 137
A29: 8 | B29: 2 | C29: 7 | D29: Samuel Andrés Rodríguez Ulloa | E29: Sergio Andrés López Rodríguez | F29: maria jose martinez villabona | G29: =VLOOKUP(Tabla138[[#This Row],[ID_PARTIDO]],Original!$AT$1:$AY$46,5,FALSE) -> Nicolas Navarro | H29: DERECHA | I29: IZQUIERDA | J29: DERECHA | K29: IZQUIERDA | L29: 1 | M29: 0
A30: 8 | B30: 2 | C30: 8 | D30: Samuel Andrés Rodríguez Ulloa | E30: Sergio Andrés López Rodríguez | F30: maria jose martinez villabona | G30: =VLOOKUP(Tabla138[[#This Row],[ID_PARTIDO]],Original!$AT$1:$AY$46,5,FALSE) -> Nicolas Navarro | H30: DERECHA | I30: IZQUIERDA | J30: DERECHA | K30: IZQUIERDA | L30: 1 | M30: 0
A31: 8 | B31: 2 | C31: 9 | D31: Samuel Andrés Rodríguez Ulloa | E31: Sergio Andrés López Rodríguez | F31: maria jose martinez villabona | G31: =VLOOKUP(Tabla138[[#This Row],[ID_PARTIDO]],Original!$AT$1:$AY$46,5,FALSE) -> Nicolas Navarro | H31: DERECHA | I31: IZQUIERDA | J31: DERECHA | K31: IZQUIERDA | L31: 1 | M31: 0
A32: 8 | B32: 2 | C32: 10 | D32: Samuel Andrés Rodríguez Ulloa | E32: Sergio Andrés López Rodríguez | F32: maria jose martinez villabona | G32: =VLOOKUP(Tabla138[[#This Row],[ID_PARTIDO]],Original!$AT$1:$AY$46,5,FALSE) -> Nicolas Navarro | H32: DERECHA | I32: IZQUIERDA | J32: DERECHA | K32: IZQUIERDA | L32: 1 | M32: 0
A33: 8 | B33: 2 | C33: 11 | D33: Samuel Andrés Rodríguez Ulloa | E33: Sergio Andrés López Rodríguez | F33: maria jose martinez villabona | G33: =VLOOKUP(Tabla138[[#This Row],[ID_PARTIDO]],Original!$AT$1:$AY$46,5,FALSE) -> Nicolas Navarro | H33: DERECHA | I33: IZQUIERDA | J33: DERECHA | K33: IZQUIERDA | L33: 1 | M33: 0
A34: 4 | B34: 2 | C34: 1 | D34: =VLOOKUP(Tabla138[[#This Row],[ID_PARTIDO]],Original!$AT$1:$AY$46,2,FALSE) -> Rafael Andres Salcedo Valdivieso | E34: =VLOOKUP(Tabla138[[#This Row],[ID_PARTIDO]],Original!$AT$1:$AY$46,3,FALSE) -> Luis Jorge Garcia Camargo | F34: =VLOOKUP(Tabla138[[#This Row],[ID_PARTIDO]],Original!$AT$1:$AY$46,4,FALSE) -> Santiago Navarro Cuy | G34: =VLOOKUP(Tabla138[[#This Row],[ID_PARTIDO]],Original!$AT$1:$AY$46,5,FALSE) -> Juan Pablo Aponte Veloza | H34: DERECHA | I34: IZQUIERDA | J34: IZQUIERDA | K34: DERECHA | L34: 0 | M34: 1
A35: 4 | B35: 2 | C35: 2 | D35: =VLOOKUP(Tabla138[[#This Row],[ID_PARTIDO]],Original!$AT$1:$AY$46,2,FALSE) -> Rafael Andres Salcedo Valdivieso | E35: =VLOOKUP(Tabla138[[#This Row],[ID_PARTIDO]],Original!$AT$1:$AY$46,3,FALSE) -> Luis Jorge Garcia Camargo | F35: =VLOOKUP(Tabla138[[#This Row],[ID_PARTIDO]],Original!$AT$1:$AY$46,4,FALSE) -> Santiago Navarro Cuy | G35: =VLOOKUP(Tabla138[[#This Row],[ID_PARTIDO]],Original!$AT$1:$AY$46,5,FALSE) -> Juan Pablo Aponte Veloza | H35: DERECHA | I35: IZQUIERDA | J35: IZQUIERDA | K35: DERECHA | L35: 1 | M35: 0
A36: 4 | B36: 2 | C36: 3 | D36: =VLOOKUP(Tabla138[[#This Row],[ID_PARTIDO]],Original!$AT$1:$AY$46,2,FALSE) -> Rafael Andres Salcedo Valdivieso | E36: =VLOOKUP(Tabla138[[#This Row],[ID_PARTIDO]],Original!$AT$1:$AY$46,3,FALSE) -> Luis Jorge Garcia Camargo | F36: =VLOOKUP(Tabla138[[#This Row],[ID_PARTIDO]],Original!$AT$1:$AY$46,4,FALSE) -> Santiago Navarro Cuy | G36: =VLOOKUP(Tabla138[[#This Row],[ID_PARTIDO]],Original!$AT$1:$AY$46,5,FALSE) -> Juan Pablo Aponte Veloza | H36: DERECHA | I36: IZQUIERDA | J36: IZQUIERDA | K36: DERECHA | L36: 1 | M36: 0
A37: 4 | B37: 2 | C37: 4 | D37: =VLOOKUP(Tabla138[[#This Row],[ID_PARTIDO]],Original!$AT$1:$AY$46,2,FALSE) -> Rafael Andres Salcedo Valdivieso | E37: =VLOOKUP(Tabla138[[#This Row],[ID_PARTIDO]],Original!$AT$1:$AY$46,3,FALSE) -> Luis Jorge Garcia Camargo | F37: =VLOOKUP(Tabla138[[#This Row],[ID_PARTIDO]],Original!$AT$1:$AY$46,4,FALSE) -> Santiago Navarro Cuy | G37: =VLOOKUP(Tabla138[[#This Row],[ID_PARTIDO]],Original!$AT$1:$AY$46,5,FALSE) -> Juan Pablo Aponte Veloza | H37: DERECHA | I37: IZQUIERDA | J37: IZQUIERDA | K37: DERECHA | L37: 1 | M37: 0
A38: 4 | B38: 2 | C38: 5 | D38: =VLOOKUP(Tabla138[[#This Row],[ID_PARTIDO]],Original!$AT$1:$AY$46,2,FALSE) -> Rafael Andres Salcedo Valdivieso | E38: =VLOOKUP(Tabla138[[#This Row],[ID_PARTIDO]],Original!$AT$1:$AY$46,3,FALSE) -> Luis Jorge Garcia Camargo | F38: =VLOOKUP(Tabla138[[#This Row],[ID_PARTIDO]],Original!$AT$1:$AY$46,4,FALSE) -> Santiago Navarro Cuy | G38: =VLOOKUP(Tabla138[[#This Row],[ID_PARTIDO]],Original!$AT$1:$AY$46,5,FALSE) -> Juan Pablo Aponte Veloza | H38: DERECHA | I38: IZQUIERDA | J38: IZQUIERDA | K38: DERECHA | L38: 1 | M38: 0
A39: 4 | B39: 2 | C39: 6 | D39: =VLOOKUP(Tabla138[[#This Row],[ID_PARTIDO]],Original!$AT$1:$AY$46,2,FALSE) -> Rafael Andres Salcedo Valdivieso | E39: =VLOOKUP(Tabla138[[#This Row],[ID_PARTIDO]],Original!$AT$1:$AY$46,3,FALSE) -> Luis Jorge Garcia Camargo | F39: =VLOOKUP(Tabla138[[#This Row],[ID_PARTIDO]],Original!$AT$1:$AY$46,4,FALSE) -> Santiago Navarro Cuy | G39: =VLOOKUP(Tabla138[[#This Row],[ID_PARTIDO]],Original!$AT$1:$AY$46,5,FALSE) -> Juan Pablo Aponte Veloza | H39: DERECHA | I39: IZQUIERDA | J39: IZQUIERDA | K39: DERECHA | L39: 1 | M39: 0
A40: 4 | B40: 2 | C40: 7 | D40: =VLOOKUP(Tabla138[[#This Row],[ID_PARTIDO]],Original!$AT$1:$AY$46,2,FALSE) -> Rafael Andres Salcedo Valdivieso | E40: =VLOOKUP(Tabla138[[#This Row],[ID_PARTIDO]],Original!$AT$1:$AY$46,3,FALSE) -> Luis Jorge Garcia Camargo | F40: =VLOOKUP(Tabla138[[#This Row],[ID_PARTIDO]],Original!$AT$1:$AY$46,4,FALSE) -> Santiago Navarro Cuy | G40: =VLOOKUP(Tabla138[[#This Row],[ID_PARTIDO]],Original!$AT$1:$AY$46,5,FALSE) -> Juan Pablo Aponte Veloza | H40: DERECHA | I40: IZQUIERDA | J40: IZQUIERDA | K40: DERECHA | L40: 1 | M40: 0
A41: 4 | B41: 2 | C41: 8 | D41: =VLOOKUP(Tabla138[[#This Row],[ID_PARTIDO]],Original!$AT$1:$AY$46,2,FALSE) -> Rafael Andres Salcedo Valdivieso | E41: =VLOOKUP(Tabla138[[#This Row],[ID_PARTIDO]],Original!$AT$1:$AY$46,3,FALSE) -> Luis Jorge Garcia Camargo | F41: =VLOOKUP(Tabla138[[#This Row],[ID_PARTIDO]],Original!$AT$1:$AY$46,4,FALSE) -> Santiago Navarro Cuy | G41: =VLOOKUP(Tabla138[[#This Row],[ID_PARTIDO]],Original!$AT$1:$AY$46,5,FALSE) -> Juan Pablo Aponte Veloza | H41: DERECHA | I41: IZQUIERDA | J41: IZQUIERDA | K41: DERECHA | L41: 0 | M41: 1
A42: 4 | B42: 2 | C42: 9 | D42: =VLOOKUP(Tabla138[[#This Row],[ID_PARTIDO]],Original!$AT$1:$AY$46,2,FALSE) -> Rafael Andres Salcedo Valdivieso | E42: =VLOOKUP(Tabla138[[#This Row],[ID_PARTIDO]],Original!$AT$1:$AY$46,3,FALSE) -> Luis Jorge Garcia Camargo | F42: =VLOOKUP(Tabla138[[#This Row],[ID_PARTIDO]],Original!$AT$1:$AY$46,4,FALSE) -> Santiago Navarro Cuy | G42: =VLOOKUP(Tabla138[[#This Row],[ID_PARTIDO]],Original!$AT$1:$AY$46,5,FALSE) -> Juan Pablo Aponte Veloza | H42: DERECHA | I42: IZQUIERDA | J42: IZQUIERDA | K42: DERECHA | L42: 1 | M42: 0
A43: 10 | B43: 2 | C43: 1 | D43: =VLOOKUP(Tabla138[[#This Row],[ID_PARTIDO]],Original!$AT$1:$AY$46,2,FALSE) -> Santiago Urrego Rodríguez | E43: =VLOOKUP(Tabla138[[#This Row],[ID_PARTIDO]],Original!$AT$1:$AY$46,3,FALSE) -> Maria Fernanda Tamayo Lopez | F43: =VLOOKUP(Tabla138[[#This Row],[ID_PARTIDO]],Original!$AT$1:$AY$46,4,FALSE) -> maria jose martinez villabona | G43: =VLOOKUP(Tabla138[[#This Row],[ID_PARTIDO]],Original!$AT$1:$AY$46,5,FALSE) -> Nikol sofia avendaño | H43: IZQUIERDA | I43: DERECHA | J43: DERECHA | K43: IZQUIERDA | L43: 0 | M43: 1
A44: 10 | B44: 2 | C44: 2 | D44: =VLOOKUP(Tabla138[[#This Row],[ID_PARTIDO]],Original!$AT$1:$AY$46,2,FALSE) -> Santiago Urrego Rodríguez | E44: =VLOOKUP(Tabla138[[#This Row],[ID_PARTIDO]],Original!$AT$1:$AY$46,3,FALSE) -> Maria Fernanda Tamayo Lopez | F44: =VLOOKUP(Tabla138[[#This Row],[ID_PARTIDO]],Original!$AT$1:$AY$46,4,FALSE) -> maria jose martinez villabona | G44: =VLOOKUP(Tabla138[[#This Row],[ID_PARTIDO]],Original!$AT$1:$AY$46,5,FALSE) -> Nikol sofia avendaño | H44: IZQUIERDA | I44: DERECHA | J44: DERECHA | K44: IZQUIERDA | L44: 1 | M44: 0
A45: 10 | B45: 2 | C45: 3 | D45: =VLOOKUP(Tabla138[[#This Row],[ID_PARTIDO]],Original!$AT$1:$AY$46,2,FALSE) -> Santiago Urrego Rodríguez | E45: =VLOOKUP(Tabla138[[#This Row],[ID_PARTIDO]],Original!$AT$1:$AY$46,3,FALSE) -> Maria Fernanda Tamayo Lopez | F45: =VLOOKUP(Tabla138[[#This Row],[ID_PARTIDO]],Original!$AT$1:$AY$46,4,FALSE) -> maria jose martinez villabona | G45: =VLOOKUP(Tabla138[[#This Row],[ID_PARTIDO]],Original!$AT$1:$AY$46,5,FALSE) -> Nikol sofia avendaño | H45: IZQUIERDA | I45: DERECHA | J45: DERECHA | K45: IZQUIERDA | L45: 1 | M45: 0
... A225: 42 | B225: 2 | C225: 9 | D225: =VLOOKUP(Tabla138[[#This Row],[ID_PARTIDO]],Original!$AT$1:$AY$46,2,FALSE) -> Sergio Andrés López Rodríguez | E225: =VLOOKUP(Tabla138[[#This Row],[ID_PARTIDO]],Original!$AT$1:$AY$46,3,FALSE) -> juan miguel venegas garzón | F225: =VLOOKUP(Tabla138[[#This Row],[ID_PARTIDO]],Original!$AT$1:$AY$46,4,FALSE) -> Cristian Stevan Soto Zapata | G225: =VLOOKUP(Tabla138[[#This Row],[ID_PARTIDO]],Original!$AT$1:$AY$46,5,FALSE) -> sara juliana solano boada | H225: IZQUIERDA | I225: DERECHA | J225: IZQUIERDA | K225: DERECHA | L225: 1 | M225: 0
A226: 44 | B226: 2 | C226: 1 | D226: =VLOOKUP(Tabla138[[#This Row],[ID_PARTIDO]],Original!$AT$1:$AY$46,2,FALSE) -> Maria Fernanda Tamayo Lopez | E226: =VLOOKUP(Tabla138[[#This Row],[ID_PARTIDO]],Original!$AT$1:$AY$46,3,FALSE) -> Juan Pablo Aponte Veloza | F226: =VLOOKUP(Tabla138[[#This Row],[ID_PARTIDO]],Original!$AT$1:$AY$46,4,FALSE) -> Juliana Beltrán Díaz | G226: Luis Mario Ramirez Munoz | H226: DERECHA | I226: IZQUIERDA | J226: DERECHA | K226: IZQUIERDA | L226: 0 | M226: 1
A227: 44 | B227: 2 | C227: 2 | D227: =VLOOKUP(Tabla138[[#This Row],[ID_PARTIDO]],Original!$AT$1:$AY$46,2,FALSE) -> Maria Fernanda Tamayo Lopez | E227: =VLOOKUP(Tabla138[[#This Row],[ID_PARTIDO]],Original!$AT$1:$AY$46,3,FALSE) -> Juan Pablo Aponte Veloza | F227: =VLOOKUP(Tabla138[[#This Row],[ID_PARTIDO]],Original!$AT$1:$AY$46,4,FALSE) -> Juliana Beltrán Díaz | G227: Luis Mario Ramirez Munoz | H227: DERECHA | I227: IZQUIERDA | J227: DERECHA | K227: IZQUIERDA | L227: 0 | M227: 1
A228: 44 | B228: 2 | C228: 3 | D228: =VLOOKUP(Tabla138[[#This Row],[ID_PARTIDO]],Original!$AT$1:$AY$46,2,FALSE) -> Maria Fernanda Tamayo Lopez | E228: =VLOOKUP(Tabla138[[#This Row],[ID_PARTIDO]],Original!$AT$1:$AY$46,3,FALSE) -> Juan Pablo Aponte Veloza | F228: =VLOOKUP(Tabla138[[#This Row],[ID_PARTIDO]],Original!$AT$1:$AY$46,4,FALSE) -> Juliana Beltrán Díaz | G228: Luis Mario Ramirez Munoz | H228: DERECHA | I228: IZQUIERDA | J228: DERECHA | K228: IZQUIERDA | L228: 0 | M228: 1
A229: 44 | B229: 2 | C229: 4 | D229: =VLOOKUP(Tabla138[[#This Row],[ID_PARTIDO]],Original!$AT$1:$AY$46,2,FALSE) -> Maria Fernanda Tamayo Lopez | E229: =VLOOKUP(Tabla138[[#This Row],[ID_PARTIDO]],Original!$AT$1:$AY$46,3,FALSE) -> Juan Pablo Aponte Veloza | F229: =VLOOKUP(Tabla138[[#This Row],[ID_PARTIDO]],Original!$AT$1:$AY$46,4,FALSE) -> Juliana Beltrán Díaz | G229: Luis Mario Ramirez Munoz | H229: DERECHA | I229: IZQUIERDA | J229: DERECHA | K229: IZQUIERDA | L229: 0 | M229: 1
A230: 44 | B230: 2 | C230: 5 | D230: =VLOOKUP(Tabla138[[#This Row],[ID_PARTIDO]],Original!$AT$1:$AY$46,2,FALSE) -> Maria Fernanda Tamayo Lopez | E230: =VLOOKUP(Tabla138[[#This Row],[ID_PARTIDO]],Original!$AT$1:$AY$46,3,FALSE) -> Juan Pablo Aponte Veloza | F230: =VLOOKUP(Tabla138[[#This Row],[ID_PARTIDO]],Original!$AT$1:$AY$46,4,FALSE) -> Juliana Beltrán Díaz | G230: Luis Mario Ramirez Munoz | H230: DERECHA | I230: IZQUIERDA | J230: DERECHA | K230: IZQUIERDA | L230: 0 | M230: 1
A231: 44 | B231: 2 | C231: 6 | D231: =VLOOKUP(Tabla138[[#This Row],[ID_PARTIDO]],Original!$AT$1:$AY$46,2,FALSE) -> Maria Fernanda Tamayo Lopez | E231: =VLOOKUP(Tabla138[[#This Row],[ID_PARTIDO]],Original!$AT$1:$AY$46,3,FALSE) -> Juan Pablo Aponte Veloza | F231: =VLOOKUP(Tabla138[[#This Row],[ID_PARTIDO]],Original!$AT$1:$AY$46,4,FALSE) -> Juliana Beltrán Díaz | G231: Luis Mario Ramirez Munoz | H231: DERECHA | I231: IZQUIERDA | J231: DERECHA | K231: IZQUIERDA | L231: 1 | M231: 0
A232: 44 | B232: 2 | C232: 7 | D232: =VLOOKUP(Tabla138[[#This Row],[ID_PARTIDO]],Original!$AT$1:$AY$46,2,FALSE) -> Maria Fernanda Tamayo Lopez | E232: =VLOOKUP(Tabla138[[#This Row],[ID_PARTIDO]],Original!$AT$1:$AY$46,3,FALSE) -> Juan Pablo Aponte Veloza | F232: =VLOOKUP(Tabla138[[#This Row],[ID_PARTIDO]],Original!$AT$1:$AY$46,4,FALSE) -> Juliana Beltrán Díaz | G232: Luis Mario Ramirez Munoz | H232: DERECHA | I232: IZQUIERDA | J232: DERECHA | K232: IZQUIERDA | L232: 1 | M232: 0
A233: 44 | B233: 2 | C233: 8 | D233: =VLOOKUP(Tabla138[[#This Row],[ID_PARTIDO]],Original!$AT$1:$AY$46,2,FALSE) -> Maria Fernanda Tamayo Lopez | E233: =VLOOKUP(Tabla138[[#This Row],[ID_PARTIDO]],Original!$AT$1:$AY$46,3,FALSE) -> Juan Pablo Aponte Veloza | F233: =VLOOKUP(Tabla138[[#This Row],[ID_PARTIDO]],Original!$AT$1:$AY$46,4,FALSE) -> Juliana Beltrán Díaz | G233: Luis Mario Ramirez Munoz | H233: DERECHA | I233: IZQUIERDA | J233: DERECHA | K233: IZQUIERDA | L233: 0 | M233: 1
A234: 44 | B234: 2 | C234: 9 | D234: =VLOOKUP(Tabla138[[#This Row],[ID_PARTIDO]],Original!$AT$1:$AY$46,2,FALSE) -> Maria Fernanda Tamayo Lopez | E234: =VLOOKUP(Tabla138[[#This Row],[ID_PARTIDO]],Original!$AT$1:$AY$46,3,FALSE) -> Juan Pablo Aponte Veloza | F234: =VLOOKUP(Tabla138[[#This Row],[ID_PARTIDO]],Original!$AT$1:$AY$46,4,FALSE) -> Juliana Beltrán Díaz | G234: Luis Mario Ramirez Munoz | H234: DERECHA | I234: IZQUIERDA | J234: DERECHA | K234: IZQUIERDA | L234: 0 | M234: 1
A235: 44 | B235: 2 | C235: 10 | D235: =VLOOKUP(Tabla138[[#This Row],[ID_PARTIDO]],Original!$AT$1:$AY$46,2,FALSE) -> Maria Fernanda Tamayo Lopez | E235: =VLOOKUP(Tabla138[[#This Row],[ID_PARTIDO]],Original!$AT$1:$AY$46,3,FALSE) -> Juan Pablo Aponte Veloza | F235: =VLOOKUP(Tabla138[[#This Row],[ID_PARTIDO]],Original!$AT$1:$AY$46,4,FALSE) -> Juliana Beltrán Díaz | G235: Luis Mario Ramirez Munoz | H235: DERECHA | I235: IZQUIERDA | J235: DERECHA | K235: IZQUIERDA
A236: 39 | B236: 2 | C236: 1 | D236: =VLOOKUP(Tabla138[[#This Row],[ID_PARTIDO]],Original!$AT$1:$AY$46,2,FALSE) -> Nicolas Navarro | E236: =VLOOKUP(Tabla138[[#This Row],[ID_PARTIDO]],Original!$AT$1:$AY$46,3,FALSE) -> maria jose martinez villabona | F236: =VLOOKUP(Tabla138[[#This Row],[ID_PARTIDO]],Original!$AT$1:$AY$46,4,FALSE) -> Maria Fernanda Tamayo Lopez | G236: =VLOOKUP(Tabla138[[#This Row],[ID_PARTIDO]],Original!$AT$1:$AY$46,5,FALSE) -> Juan Pablo Vargas Jiménez | H236: IZQUIERDA | I236: DERECHA | J236: DERECHA | K236: IZQUIERDA | L236: 1 | M236: 0
A237: 39 | B237: 2 | C237: 2 | D237: =VLOOKUP(Tabla138[[#This Row],[ID_PARTIDO]],Original!$AT$1:$AY$46,2,FALSE) -> Nicolas Navarro | E237: =VLOOKUP(Tabla138[[#This Row],[ID_PARTIDO]],Original!$AT$1:$AY$46,3,FALSE) -> maria jose martinez villabona | F237: =VLOOKUP(Tabla138[[#This Row],[ID_PARTIDO]],Original!$AT$1:$AY$46,4,FALSE) -> Maria Fernanda Tamayo Lopez | G237: =VLOOKUP(Tabla138[[#This Row],[ID_PARTIDO]],Original!$AT$1:$AY$46,5,FALSE) -> Juan Pablo Vargas Jiménez | H237: IZQUIERDA | I237: DERECHA | J237: DERECHA | K237: IZQUIERDA | L237: 1 | M237: 0
A238: 39 | B238: 2 | C238: 3 | D238: =VLOOKUP(Tabla138[[#This Row],[ID_PARTIDO]],Original!$AT$1:$AY$46,2,FALSE) -> Nicolas Navarro | E238: =VLOOKUP(Tabla138[[#This Row],[ID_PARTIDO]],Original!$AT$1:$AY$46,3,FALSE) -> maria jose martinez villabona | F238: =VLOOKUP(Tabla138[[#This Row],[ID_PARTIDO]],Original!$AT$1:$AY$46,4,FALSE) -> Maria Fernanda Tamayo Lopez | G238: =VLOOKUP(Tabla138[[#This Row],[ID_PARTIDO]],Original!$AT$1:$AY$46,5,FALSE) -> Juan Pablo Vargas Jiménez | H238: IZQUIERDA | I238: DERECHA | J238: DERECHA | K238: IZQUIERDA | L238: 1 | M238: 0
A239: 39 | B239: 2 | C239: 4 | D239: =VLOOKUP(Tabla138[[#This Row],[ID_PARTIDO]],Original!$AT$1:$AY$46,2,FALSE) -> Nicolas Navarro | E239: =VLOOKUP(Tabla138[[#This Row],[ID_PARTIDO]],Original!$AT$1:$AY$46,3,FALSE) -> maria jose martinez villabona | F239: =VLOOKUP(Tabla138[[#This Row],[ID_PARTIDO]],Original!$AT$1:$AY$46,4,FALSE) -> Maria Fernanda Tamayo Lopez | G239: =VLOOKUP(Tabla138[[#This Row],[ID_PARTIDO]],Original!$AT$1:$AY$46,5,FALSE) -> Juan Pablo Vargas Jiménez | H239: IZQUIERDA | I239: DERECHA | J239: DERECHA | K239: IZQUIERDA | L239: 0 | M239: 1
A240: 39 | B240: 2 | C240: 5 | D240: =VLOOKUP(Tabla138[[#This Row],[ID_PARTIDO]],Original!$AT$1:$AY$46,2,FALSE) -> Nicolas Navarro | E240: =VLOOKUP(Tabla138[[#This Row],[ID_PARTIDO]],Original!$AT$1:$AY$46,3,FALSE) -> maria jose martinez villabona | F240: =VLOOKUP(Tabla138[[#This Row],[ID_PARTIDO]],Original!$AT$1:$AY$46,4,FALSE) -> Maria Fernanda Tamayo Lopez | G240: =VLOOKUP(Tabla138[[#This Row],[ID_PARTIDO]],Original!$AT$1:$AY$46,5,FALSE) -> Juan Pablo Vargas Jiménez | H240: IZQUIERDA | I240: DERECHA | J240: DERECHA | K240: IZQUIERDA | L240: 0 | M240: 1
A241: 39 | B241: 2 | C241: 6 | D241: =VLOOKUP(Tabla138[[#This Row],[ID_PARTIDO]],Original!$AT$1:$AY$46,2,FALSE) -> Nicolas Navarro | E241: =VLOOKUP(Tabla138[[#This Row],[ID_PARTIDO]],Original!$AT$1:$AY$46,3,FALSE) -> maria jose martinez villabona | F241: =VLOOKUP(Tabla138[[#This Row],[ID_PARTIDO]],Original!$AT$1:$AY$46,4,FALSE) -> Maria Fernanda Tamayo Lopez | G241: =VLOOKUP(Tabla138[[#This Row],[ID_PARTIDO]],Original!$AT$1:$AY$46,5,FALSE) -> Juan Pablo Vargas Jiménez | H241: IZQUIERDA | I241: DERECHA | J241: DERECHA | K241: IZQUIERDA | L241: 0 | M241: 1
A242: 39 | B242: 2 | C242: 7 | D242: =VLOOKUP(Tabla138[[#This Row],[ID_PARTIDO]],Original!$AT$1:$AY$46,2,FALSE) -> Nicolas Navarro | E242: =VLOOKUP(Tabla138[[#This Row],[ID_PARTIDO]],Original!$AT$1:$AY$46,3,FALSE) -> maria jose martinez villabona | F242: =VLOOKUP(Tabla138[[#This Row],[ID_PARTIDO]],Original!$AT$1:$AY$46,4,FALSE) -> Maria Fernanda Tamayo Lopez | G242: =VLOOKUP(Tabla138[[#This Row],[ID_PARTIDO]],Original!$AT$1:$AY$46,5,FALSE) -> Juan Pablo Vargas Jiménez | H242: IZQUIERDA | I242: DERECHA | J242: DERECHA | K242: IZQUIERDA | L242: 1 | M242: 0
A243: 39 | B243: 2 | C243: 8 | D243: =VLOOKUP(Tabla138[[#This Row],[ID_PARTIDO]],Original!$AT$1:$AY$46,2,FALSE) -> Nicolas Navarro | E243: =VLOOKUP(Tabla138[[#This Row],[ID_PARTIDO]],Original!$AT$1:$AY$46,3,FALSE) -> maria jose martinez villabona | F243: =VLOOKUP(Tabla138[[#This Row],[ID_PARTIDO]],Original!$AT$1:$AY$46,4,FALSE) -> Maria Fernanda Tamayo Lopez | G243: =VLOOKUP(Tabla138[[#This Row],[ID_PARTIDO]],Original!$AT$1:$AY$46,5,FALSE) -> Juan Pablo Vargas Jiménez | H243: IZQUIERDA | I243: DERECHA | J243: DERECHA | K243: IZQUIERDA | L243: 0 | M243: 1
A244: 39 | B244: 2 | C244: 9 | D244: =VLOOKUP(Tabla138[[#This Row],[ID_PARTIDO]],Original!$AT$1:$AY$46,2,FALSE) -> Nicolas Navarro | E244: =VLOOKUP(Tabla138[[#This Row],[ID_PARTIDO]],Original!$AT$1:$AY$46,3,FALSE) -> maria jose martinez villabona | F244: =VLOOKUP(Tabla138[[#This Row],[ID_PARTIDO]],Original!$AT$1:$AY$46,4,FALSE) -> Maria Fernanda Tamayo Lopez | G244: =VLOOKUP(Tabla138[[#This Row],[ID_PARTIDO]],Original!$AT$1:$AY$46,5,FALSE) -> Juan Pablo Vargas Jiménez | H244: IZQUIERDA | I244: DERECHA | J244: DERECHA | K244: IZQUIERDA | L244: 1 | M244: 0
A245: 39 | B245: 2 | C245: 10 | D245: =VLOOKUP(Tabla138[[#This Row],[ID_PARTIDO]],Original!$AT$1:$AY$46,2,FALSE) -> Nicolas Navarro | E245: =VLOOKUP(Tabla138[[#This Row],[ID_PARTIDO]],Original!$AT$1:$AY$46,3,FALSE) -> maria jose martinez villabona | F245: =VLOOKUP(Tabla138[[#This Row],[ID_PARTIDO]],Original!$AT$1:$AY$46,4,FALSE) -> Maria Fernanda Tamayo Lopez | G245: =VLOOKUP(Tabla138[[#This Row],[ID_PARTIDO]],Original!$AT$1:$AY$46,5,FALSE) -> Juan Pablo Vargas Jiménez | H245: IZQUIERDA | I245: DERECHA | J245: DERECHA | K245: IZQUIERDA | L245: 1 | M245: 0
A246: 39 | B246: 2 | C246: 11 | D246: =VLOOKUP(Tabla138[[#This Row],[ID_PARTIDO]],Original!$AT$1:$AY$46,2,FALSE) -> Nicolas Navarro | E246: =VLOOKUP(Tabla138[[#This Row],[ID_PARTIDO]],Original!$AT$1:$AY$46,3,FALSE) -> maria jose martinez villabona | F246: =VLOOKUP(Tabla138[[#This Row],[ID_PARTIDO]],Original!$AT$1:$AY$46,4,FALSE) -> Maria Fernanda Tamayo Lopez | G246: =VLOOKUP(Tabla138[[#This Row],[ID_PARTIDO]],Original!$AT$1:$AY$46,5,FALSE) -> Juan Pablo Vargas Jiménez | H246: IZQUIERDA | I246: DERECHA | J246: DERECHA | K246: IZQUIERDA | L246: 0 | M246: 1
A247: 39 | B247: 2 | C247: 12 | D247: =VLOOKUP(Tabla138[[#This Row],[ID_PARTIDO]],Original!$AT$1:$AY$46,2,FALSE) -> Nicolas Navarro | E247: =VLOOKUP(Tabla138[[#This Row],[ID_PARTIDO]],Original!$AT$1:$AY$46,3,FALSE) -> maria jose martinez villabona | F247: =VLOOKUP(Tabla138[[#This Row],[ID_PARTIDO]],Original!$AT$1:$AY$46,4,FALSE) -> Maria Fernanda Tamayo Lopez | G247: =VLOOKUP(Tabla138[[#This Row],[ID_PARTIDO]],Original!$AT$1:$AY$46,5,FALSE) -> Juan Pablo Vargas Jiménez | H247: IZQUIERDA | I247: DERECHA | J247: DERECHA | K247: IZQUIERDA | L247: 0 | M247: 1
... A249: 39 | B249: 2 | C249: 14 | D249: =VLOOKUP(Tabla138[[#This Row],[ID_PARTIDO]],Original!$AT$1:$AY$46,2,FALSE) -> Nicolas Navarro | E249: =VLOOKUP(Tabla138[[#This Row],[ID_PARTIDO]],Original!$AT$1:$AY$46,3,FALSE) -> maria jose martinez villabona | F249: =VLOOKUP(Tabla138[[#This Row],[ID_PARTIDO]],Original!$AT$1:$AY$46,4,FALSE) -> Maria Fernanda Tamayo Lopez | G249: =VLOOKUP(Tabla138[[#This Row],[ID_PARTIDO]],Original!$AT$1:$AY$46,5,FALSE) -> Juan Pablo Vargas Jiménez | H249: IZQUIERDA | I249: DERECHA | J249: DERECHA | K249: IZQUIERDA | L249: 0 | M249: 1
A250: 27 | B250: 1 | C250: 1 | D250: =VLOOKUP(Tabla1[[#This Row],[ID_PARTIDO]],Original!$AT$1:$AY$46,2,FALSE) -> #VALUE! | E250: =VLOOKUP(Tabla1[[#This Row],[ID_PARTIDO]],Original!$AT$1:$AY$46,3,FALSE) -> #VALUE! | F250: =VLOOKUP(Tabla1[[#This Row],[ID_PARTIDO]],Original!$AT$1:$AY$46,4,FALSE) -> #VALUE! | G250: =VLOOKUP(Tabla1[[#This Row],[ID_PARTIDO]],Original!$AT$1:$AY$46,5,FALSE) -> #VALUE! | H250: IZQUIERDA | I250: DERECHA | J250: IZQUIERDA | K250: DERECHA | L250: 1 | M250: 0
A251: 27 | B251: 1 | C251: 2 | D251: =VLOOKUP(Tabla1[[#This Row],[ID_PARTIDO]],Original!$AT$1:$AY$46,2,FALSE) -> #VALUE! | E251: =VLOOKUP(Tabla1[[#This Row],[ID_PARTIDO]],Original!$AT$1:$AY$46,3,FALSE) -> #VALUE! | F251: =VLOOKUP(Tabla1[[#This Row],[ID_PARTIDO]],Original!$AT$1:$AY$46,4,FALSE) -> #VALUE! | G251: =VLOOKUP(Tabla1[[#This Row],[ID_PARTIDO]],Original!$AT$1:$AY$46,5,FALSE) -> #VALUE! | H251: IZQUIERDA | I251: DERECHA | J251: IZQUIERDA | K251: DERECHA | L251: 0 | M251: 1
A252: 27 | B252: 1 | C252: 3 | D252: =VLOOKUP(Tabla1[[#This Row],[ID_PARTIDO]],Original!$AT$1:$AY$46,2,FALSE) -> #VALUE! | E252: =VLOOKUP(Tabla1[[#This Row],[ID_PARTIDO]],Original!$AT$1:$AY$46,3,FALSE) -> #VALUE! | F252: =VLOOKUP(Tabla1[[#This Row],[ID_PARTIDO]],Original!$AT$1:$AY$46,4,FALSE) -> #VALUE! | G252: =VLOOKUP(Tabla1[[#This Row],[ID_PARTIDO]],Original!$AT$1:$AY$46,5,FALSE) -> #VALUE! | H252: IZQUIERDA | I252: DERECHA | J252: IZQUIERDA | K252: DERECHA | L252: 0 | M252: 1
A253: 27 | B253: 1 | C253: 4 | D253: =VLOOKUP(Tabla1[[#This Row],[ID_PARTIDO]],Original!$AT$1:$AY$46,2,FALSE) -> #VALUE! | E253: =VLOOKUP(Tabla1[[#This Row],[ID_PARTIDO]],Original!$AT$1:$AY$46,3,FALSE) -> #VALUE! | F253: =VLOOKUP(Tabla1[[#This Row],[ID_PARTIDO]],Original!$AT$1:$AY$46,4,FALSE) -> #VALUE! | G253: =VLOOKUP(Tabla1[[#This Row],[ID_PARTIDO]],Original!$AT$1:$AY$46,5,FALSE) -> #VALUE! | H253: IZQUIERDA | I253: DERECHA | J253: IZQUIERDA | K253: DERECHA | L253: 1 | M253: 0
A254: 27 | B254: 1 | C254: 5 | D254: =VLOOKUP(Tabla1[[#This Row],[ID_PARTIDO]],Original!$AT$1:$AY$46,2,FALSE) -> #VALUE! | E254: =VLOOKUP(Tabla1[[#This Row],[ID_PARTIDO]],Original!$AT$1:$AY$46,3,FALSE) -> #VALUE! | F254: =VLOOKUP(Tabla1[[#This Row],[ID_PARTIDO]],Original!$AT$1:$AY$46,4,FALSE) -> #VALUE! | G254: =VLOOKUP(Tabla1[[#This Row],[ID_PARTIDO]],Original!$AT$1:$AY$46,5,FALSE) -> #VALUE! | H254: IZQUIERDA | I254: DERECHA | J254: IZQUIERDA | K254: DERECHA | L254: 0 | M254: 1
A255: 27 | B255: 1 | C255: 6 | D255: =VLOOKUP(Tabla1[[#This Row],[ID_PARTIDO]],Original!$AT$1:$AY$46,2,FALSE) -> #VALUE! | E255: =VLOOKUP(Tabla1[[#This Row],[ID_PARTIDO]],Original!$AT$1:$AY$46,3,FALSE) -> #VALUE! | F255: =VLOOKUP(Tabla1[[#This Row],[ID_PARTIDO]],Original!$AT$1:$AY$46,4,FALSE) -> #VALUE! | G255: =VLOOKUP(Tabla1[[#This Row],[ID_PARTIDO]],Original!$AT$1:$AY$46,5,FALSE) -> #VALUE! | H255: IZQUIERDA | I255: DERECHA | J255: IZQUIERDA | K255: DERECHA | L255: 1 | M255: 0
A256: 27 | B256: 1 | C256: 7 | D256: =VLOOKUP(Tabla1[[#This Row],[ID_PARTIDO]],Original!$AT$1:$AY$46,2,FALSE) -> #VALUE! | E256: =VLOOKUP(Tabla1[[#This Row],[ID_PARTIDO]],Original!$AT$1:$AY$46,3,FALSE) -> #VALUE! | F256: =VLOOKUP(Tabla1[[#This Row],[ID_PARTIDO]],Original!$AT$1:$AY$46,4,FALSE) -> #VALUE! | G256: =VLOOKUP(Tabla1[[#This Row],[ID_PARTIDO]],Original!$AT$1:$AY$46,5,FALSE) -> #VALUE! | H256: IZQUIERDA | I256: DERECHA | J256: IZQUIERDA | K256: DERECHA | L256: 0 | M256: 1
A257: 27 | B257: 1 | C257: 8 | D257: =VLOOKUP(Tabla1[[#This Row],[ID_PARTIDO]],Original!$AT$1:$AY$46,2,FALSE) -> #VALUE! | E257: =VLOOKUP(Tabla1[[#This Row],[ID_PARTIDO]],Original!$AT$1:$AY$46,3,FALSE) -> #VALUE! | F257: =VLOOKUP(Tabla1[[#This Row],[ID_PARTIDO]],Original!$AT$1:$AY$46,4,FALSE) -> #VALUE! | G257: =VLOOKUP(Tabla1[[#This Row],[ID_PARTIDO]],Original!$AT$1:$AY$46,5,FALSE) -> #VALUE! | H257: IZQUIERDA | I257: DERECHA | J257: IZQUIERDA | K257: DERECHA | L257: 1 | M257: 0
A258: 27 | B258: 1 | C258: 9 | D258: =VLOOKUP(Tabla1[[#This Row],[ID_PARTIDO]],Original!$AT$1:$AY$46,2,FALSE) -> #VALUE! | E258: =VLOOKUP(Tabla1[[#This Row],[ID_PARTIDO]],Original!$AT$1:$AY$46,3,FALSE) -> #VALUE! | F258: =VLOOKUP(Tabla1[[#This Row],[ID_PARTIDO]],Original!$AT$1:$AY$46,4,FALSE) -> #VALUE! | G258: =VLOOKUP(Tabla1[[#This Row],[ID_PARTIDO]],Original!$AT$1:$AY$46,5,FALSE) -> #VALUE! | H258: IZQUIERDA | I258: DERECHA | J258: IZQUIERDA | K258: DERECHA | L258: 0 | M258: 1
A259: 27 | B259: 1 | C259: 10 | D259: =VLOOKUP(Tabla1[[#This Row],[ID_PARTIDO]],Original!$AT$1:$AY$46,2,FALSE) -> #VALUE! | E259: =VLOOKUP(Tabla1[[#This Row],[ID_PARTIDO]],Original!$AT$1:$AY$46,3,FALSE) -> #VALUE! | F259: =VLOOKUP(Tabla1[[#This Row],[ID_PARTIDO]],Original!$AT$1:$AY$46,4,FALSE) -> #VALUE! | G259: =VLOOKUP(Tabla1[[#This Row],[ID_PARTIDO]],Original!$AT$1:$AY$46,5,FALSE) -> #VALUE! | H259: IZQUIERDA | I259: DERECHA | J259: IZQUIERDA | K259: DERECHA | L259: 1 | M259: 0
A260: 27 | B260: 1 | C260: 11 | D260: =VLOOKUP(Tabla1[[#This Row],[ID_PARTIDO]],Original!$AT$1:$AY$46,2,FALSE) -> #VALUE! | E260: =VLOOKUP(Tabla1[[#This Row],[ID_PARTIDO]],Original!$AT$1:$AY$46,3,FALSE) -> #VALUE! | F260: =VLOOKUP(Tabla1[[#This Row],[ID_PARTIDO]],Original!$AT$1:$AY$46,4,FALSE) -> #VALUE! | G260: =VLOOKUP(Tabla1[[#This Row],[ID_PARTIDO]],Original!$AT$1:$AY$46,5,FALSE) -> #VALUE! | H260: IZQUIERDA | I260: DERECHA | J260: IZQUIERDA | K260: DERECHA | L260: 1 | M260: 0
A261: 27 | B261: 1 | C261: 12 | D261: =VLOOKUP(Tabla1[[#This Row],[ID_PARTIDO]],Original!$AT$1:$AY$46,2,FALSE) -> #VALUE! | E261: =VLOOKUP(Tabla1[[#This Row],[ID_PARTIDO]],Original!$AT$1:$AY$46,3,FALSE) -> #VALUE! | F261: =VLOOKUP(Tabla1[[#This Row],[ID_PARTIDO]],Original!$AT$1:$AY$46,4,FALSE) -> #VALUE! | G261: =VLOOKUP(Tabla1[[#This Row],[ID_PARTIDO]],Original!$AT$1:$AY$46,5,FALSE) -> #VALUE! | H261: IZQUIERDA | I261: DERECHA | J261: IZQUIERDA | K261: DERECHA | L261: 1 | M261: 0
... A273: 3 | B273: 1 | C273: 12 | D273: =VLOOKUP(Tabla1[[#This Row],[ID_PARTIDO]],Original!$AT$1:$AY$46,2,FALSE) -> #VALUE! | E273: =VLOOKUP(Tabla1[[#This Row],[ID_PARTIDO]],Original!$AT$1:$AY$46,3,FALSE) -> #VALUE! | F273: =VLOOKUP(Tabla1[[#This Row],[ID_PARTIDO]],Original!$AT$1:$AY$46,4,FALSE) -> #VALUE! | G273: =VLOOKUP(Tabla1[[#This Row],[ID_PARTIDO]],Original!$AT$1:$AY$46,5,FALSE) -> #VALUE! | H273: DERECHA | I273: IZQUIERDA | J273: IZQUIERDA | K273: DERECHA | L273: 0 | M273: 1
A274: 9 | B274: 1 | C274: 1 | D274: =VLOOKUP(Tabla1[[#This Row],[ID_PARTIDO]],Original!$AT$1:$AY$46,2,FALSE) -> #VALUE! | E274: =VLOOKUP(Tabla1[[#This Row],[ID_PARTIDO]],Original!$AT$1:$AY$46,3,FALSE) -> #VALUE! | F274: =VLOOKUP(Tabla1[[#This Row],[ID_PARTIDO]],Original!$AT$1:$AY$46,4,FALSE) -> #VALUE! | G274: =VLOOKUP(Tabla1[[#This Row],[ID_PARTIDO]],Original!$AT$1:$AY$46,5,FALSE) -> #VALUE! | H274: IZQUIERDA | I274: DERECHA | J274: IZQUIERDA | K274: DERECHA | L274: | | M274: 0
A275: 9 | B275: 1 | C275: 2 | D275: =VLOOKUP(Tabla1[[#This Row],[ID_PARTIDO]],Original!$AT$1:$AY$46,2,FALSE) -> #VALUE! | E275: =VLOOKUP(Tabla1[[#This Row],[ID_PARTIDO]],Original!$AT$1:$AY$46,3,FALSE) -> #VALUE! | F275: =VLOOKUP(Tabla1[[#This Row],[ID_PARTIDO]],Original!$AT$1:$AY$46,4,FALSE) -> #VALUE! | G275: =VLOOKUP(Tabla1[[#This Row],[ID_PARTIDO]],Original!$AT$1:$AY$46,5,FALSE) -> #VALUE! | H275: IZQUIERDA | I275: DERECHA | J275: IZQUIERDA | K275: DERECHA | L275: 0 | M275: 1
A276: 9 | B276: 1 | C276: 3 | D276: =VLOOKUP(Tabla1[[#This Row],[ID_PARTIDO]],Original!$AT$1:$AY$46,2,FALSE) -> #VALUE! | E276: =VLOOKUP(Tabla1[[#This Row],[ID_PARTIDO]],Original!$AT$1:$AY$46,3,FALSE) -> #VALUE! | F276: =VLOOKUP(Tabla1[[#This Row],[ID_PARTIDO]],Original!$AT$1:$AY$46,4,FALSE) -> #VALUE! | G276: =VLOOKUP(Tabla1[[#This Row],[ID_PARTIDO]],Original!$AT$1:$AY$46,5,FALSE) -> #VALUE! | H276: IZQUIERDA | I276: DERECHA | J276: IZQUIERDA | K276: DERECHA | L276: 1 | M276: 0
A277: 9 | B277: 1 | C277: 4 | D277: =VLOOKUP(Tabla1[[#This Row],[ID_PARTIDO]],Original!$AT$1:$AY$46,2,FALSE) -> #VALUE! | E277: =VLOOKUP(Tabla1[[#This Row],[ID_PARTIDO]],Original!$AT$1:$AY$46,3,FALSE) -> #VALUE! | F277: =VLOOKUP(Tabla1[[#This Row],[ID_PARTIDO]],Original!$AT$1:$AY$46,4,FALSE) -> #VALUE! | G277: =VLOOKUP(Tabla1[[#This Row],[ID_PARTIDO]],Original!$AT$1:$AY$46,5,FALSE) -> #VALUE! | H277: IZQUIERDA | I277: DERECHA | J277: IZQUIERDA | K277: DERECHA | L277: 0 | M277: 1
A278: 9 | B278: 1 | C278: 5 | D278: =VLOOKUP(Tabla1[[#This Row],[ID_PARTIDO]],Original!$AT$1:$AY$46,2,FALSE) -> #VALUE! | E278: =VLOOKUP(Tabla1[[#This Row],[ID_PARTIDO]],Original!$AT$1:$AY$46,3,FALSE) -> #VALUE! | F278: =VLOOKUP(Tabla1[[#This Row],[ID_PARTIDO]],Original!$AT$1:$AY$46,4,FALSE) -> #VALUE! | G278: =VLOOKUP(Tabla1[[#This Row],[ID_PARTIDO]],Original!$AT$1:$AY$46,5,FALSE) -> #VALUE! | H278: IZQUIERDA | I278: DERECHA | J278: IZQUIERDA | K278: DERECHA | L278: 1 | M278: 0
A279: 9 | B279: 1 | C279: 6 | D279: =VLOOKUP(Tabla1[[#This Row],[ID_PARTIDO]],Original!$AT$1:$AY$46,2,FALSE) -> #VALUE! | E279: =VLOOKUP(Tabla1[[#This Row],[ID_PARTIDO]],Original!$AT$1:$AY$46,3,FALSE) -> #VALUE! | F279: =VLOOKUP(Tabla1[[#This Row],[ID_PARTIDO]],Original!$AT$1:$AY$46,4,FALSE) -> #VALUE! | G279: =VLOOKUP(Tabla1[[#This Row],[ID_PARTIDO]],Original!$AT$1:$AY$46,5,FALSE) -> #VALUE! | H279: IZQUIERDA | I279: DERECHA | J279: IZQUIERDA | K279: DERECHA | L279: 0 | M279: 1
A280: 9 | B280: 1 | C280: 7 | D280: =VLOOKUP(Tabla1[[#This Row],[ID_PARTIDO]],Original!$AT$1:$AY$46,2,FALSE) -> #VALUE! | E280: =VLOOKUP(Tabla1[[#This Row],[ID_PARTIDO]],Original!$AT$1:$AY$46,3,FALSE) -> #VALUE! | F280: =VLOOKUP(Tabla1[[#This Row],[ID_PARTIDO]],Original!$AT$1:$AY$46,4,FALSE) -> #VALUE! | G280: =VLOOKUP(Tabla1[[#This Row],[ID_PARTIDO]],Original!$AT$1:$AY$46,5,FALSE) -> #VALUE! | H280: IZQUIERDA | I280: DERECHA | J280: IZQUIERDA | K280: DERECHA | L280: 1 | M280: 0
A281: 9 | B281: 1 | C281: 8 | D281: =VLOOKUP(Tabla1[[#This Row],[ID_PARTIDO]],Original!$AT$1:$AY$46,2,FALSE) -> #VALUE! | E281: =VLOOKUP(Tabla1[[#This Row],[ID_PARTIDO]],Original!$AT$1:$AY$46,3,FALSE) -> #VALUE! | F281: =VLOOKUP(Tabla1[[#This Row],[ID_PARTIDO]],Original!$AT$1:$AY$46,4,FALSE) -> #VALUE! | G281: =VLOOKUP(Tabla1[[#This Row],[ID_PARTIDO]],Original!$AT$1:$AY$46,5,FALSE) -> #VALUE! | H281: IZQUIERDA | I281: DERECHA | J281: IZQUIERDA | K281: DERECHA | L281: 1 | M281: 0
A282: 9 | B282: 1 | C282: 9 | D282: =VLOOKUP(Tabla1[[#This Row],[ID_PARTIDO]],Original!$AT$1:$AY$46,2,FALSE) -> #VALUE! | E282: =VLOOKUP(Tabla1[[#This Row],[ID_PARTIDO]],Original!$AT$1:$AY$46,3,FALSE) -> #VALUE! | F282: =VLOOKUP(Tabla1[[#This Row],[ID_PARTIDO]],Original!$AT$1:$AY$46,4,FALSE) -> #VALUE! | G282: =VLOOKUP(Tabla1[[#This Row],[ID_PARTIDO]],Original!$AT$1:$AY$46,5,FALSE) -> #VALUE! | H282: IZQUIERDA | I282: DERECHA | J282: IZQUIERDA | K282: DERECHA | L282: 1 | M282: 0
A283: 9 | B283: 1 | C283: 10 | D283: =VLOOKUP(Tabla1[[#This Row],[ID_PARTIDO]],Original!$AT$1:$AY$46,2,FALSE) -> #VALUE! | E283: =VLOOKUP(Tabla1[[#This Row],[ID_PARTIDO]],Original!$AT$1:$AY$46,3,FALSE) -> #VALUE! | F283: =VLOOKUP(Tabla1[[#This Row],[ID_PARTIDO]],Original!$AT$1:$AY$46,4,FALSE) -> #VALUE! | G283: =VLOOKUP(Tabla1[[#This Row],[ID_PARTIDO]],Original!$AT$1:$AY$46,5,FALSE) -> #VALUE! | H283: IZQUIERDA | I283: DERECHA | J283: IZQUIERDA | K283: DERECHA | L283: 0 | M283: 1
A284: 9 | B284: 1 | C284: 11 | D284: =VLOOKUP(Tabla1[[#This Row],[ID_PARTIDO]],Original!$AT$1:$AY$46,2,FALSE) -> #VALUE! | E284: =VLOOKUP(Tabla1[[#This Row],[ID_PARTIDO]],Original!$AT$1:$AY$46,3,FALSE) -> #VALUE! | F284: =VLOOKUP(Tabla1[[#This Row],[ID_PARTIDO]],Original!$AT$1:$AY$46,4,FALSE) -> #VALUE! | G284: =VLOOKUP(Tabla1[[#This Row],[ID_PARTIDO]],Original!$AT$1:$AY$46,5,FALSE) -> #VALUE! | H284: IZQUIERDA | I284: DERECHA | J284: IZQUIERDA | K284: DERECHA | L284: 0 | M284: 1
A285: 9 | B285: 1 | C285: 12 | D285: =VLOOKUP(Tabla1[[#This Row],[ID_PARTIDO]],Original!$AT$1:$AY$46,2,FALSE) -> #VALUE! | E285: =VLOOKUP(Tabla1[[#This Row],[ID_PARTIDO]],Original!$AT$1:$AY$46,3,FALSE) -> #VALUE! | F285: =VLOOKUP(Tabla1[[#This Row],[ID_PARTIDO]],Original!$AT$1:$AY$46,4,FALSE) -> #VALUE! | G285: =VLOOKUP(Tabla1[[#This Row],[ID_PARTIDO]],Original!$AT$1:$AY$46,5,FALSE) -> #VALUE! | H285: IZQUIERDA | I285: DERECHA | J285: IZQUIERDA | K285: DERECHA | L285: 1 | M285: 0
A286: 29 | B286: 1 | C286: 1 | D286: =VLOOKUP(Tabla1[[#This Row],[ID_PARTIDO]],Original!$AT$1:$AY$46,2,FALSE) -> #VALUE! | E286: =VLOOKUP(Tabla1[[#This Row],[ID_PARTIDO]],Original!$AT$1:$AY$46,3,FALSE) -> #VALUE! | F286: =VLOOKUP(Tabla1[[#This Row],[ID_PARTIDO]],Original!$AT$1:$AY$46,4,FALSE) -> #VALUE! | G286: =VLOOKUP(Tabla1[[#This Row],[ID_PARTIDO]],Original!$AT$1:$AY$46,5,FALSE) -> #VALUE! | H286: DERECHA | I286: IZQUIERDA | J286: IZQUIERDA | K286: DERECHA | L286: 1 | M286: 0
... A297: 29 | B297: 1 | C297: 12 | D297: =VLOOKUP(Tabla1[[#This Row],[ID_PARTIDO]],Original!$AT$1:$AY$46,2,FALSE) -> #VALUE! | E297: =VLOOKUP(Tabla1[[#This Row],[ID_PARTIDO]],Original!$AT$1:$AY$46,3,FALSE) -> #VALUE! | F297: =VLOOKUP(Tabla1[[#This Row],[ID_PARTIDO]],Original!$AT$1:$AY$46,4,FALSE) -> #VALUE! | G297: =VLOOKUP(Tabla1[[#This Row],[ID_PARTIDO]],Original!$AT$1:$AY$46,5,FALSE) -> #VALUE! | H297: DERECHA | I297: IZQUIERDA | J297: IZQUIERDA | K297: DERECHA | L297: 1 | M297: 0
A298: 37 | B298: 1 | C298: 1 | D298: Jaime Andres Castillo Alvarez | E298: Nicolas Navarro | F298: Nicole Lizarazo | G298: Juan Pablo Benitez Bernal | H298: IZQUIERDA | I298: DERECHA | J298: DERECHA | K298: IZQUIERDA | L298: 0 | M298: 1
A299: 37 | B299: 1 | C299: 2 | D299: Jaime Andres Castillo Alvarez | E299: Nicolas Navarro | F299: Nicole Lizarazo | G299: Juan Pablo Benitez Bernal | H299: IZQUIERDA | I299: DERECHA | J299: DERECHA | K299: IZQUIERDA | L299: 1 | M299: 0
A300: 37 | B300: 1 | C300: 3 | D300: Jaime Andres Castillo Alvarez | E300: Nicolas Navarro | F300: Nicole Lizarazo | G300: Juan Pablo Benitez Bernal | H300: IZQUIERDA | I300: DERECHA | J300: DERECHA | K300: IZQUIERDA | L300: 0 | M300: 1
A301: 37 | B301: 1 | C301: 4 | D301: Jaime Andres Castillo Alvarez | E301: Nicolas Navarro | F301: Nicole Lizarazo | G301: Juan Pablo Benitez Bernal | H301: IZQUIERDA | I301: DERECHA | J301: DERECHA | K301: IZQUIERDA | L301: 0 | M301: 1
...

Sheet CANCHA_2
A1: ID_PARTIDO | B1: CANCHA | C1: ID_PUNTO | D1: ID_JUGADOR_1_EQUIPO_1 | E1: ID_JUGADOR_2_EQUIPO_1 | F1: ID_JUGADOR_1_EQUIPO_2 | G1: ID_JUGADOR_2_EQUIPO_2 | H1: POSICION_JUGADOR_1_EQUIPO_1 | I1: POSICION_JUGADOR_2_EQUIPO_1 | J1: POSICION_JUGADOR_1_EQUIPO_2 | K1: POSICION_JUGADOR_2_EQUIPO_2 | L1: PUNTO_EQUIPO_1 | M1: PUNTO_EQUIPO_2
A2: 2 | B2: 2 | C2: 1 | D2: Luis Mario Ramirez Munoz | E2: Santiago Gutierrez de Pineres | F2: Nikol sofia avendano | G2: =VLOOKUP(Tabla13[[#This Row],[ID_PARTIDO]],Original!$AT$1:$AY$46,5,FALSE) -> Valentina Jimenez Gomez | H2: IZQUIERDA | I2: DERECHA | J2: IZQUIERDA | K2: DERECHA | L2: 1 | M2: 0
A3: 2 | B3: 2 | C3: 2 | D3: Luis Mario Ramirez Munoz | E3: Santiago Gutierrez de Pineres | F3: Nikol sofia avendano | G3: =VLOOKUP(Tabla13[[#This Row],[ID_PARTIDO]],Original!$AT$1:$AY$46,5,FALSE) -> Valentina Jimenez Gomez | H3: IZQUIERDA | I3: DERECHA | J3: IZQUIERDA | K3: DERECHA | L3: 1 | M3: 0
A4: 2 | B4: 2 | C4: 3 | D4: Luis Mario Ramirez Munoz | E4: Santiago Gutierrez de Pineres | F4: Nikol sofia avendano | G4: =VLOOKUP(Tabla13[[#This Row],[ID_PARTIDO]],Original!$AT$1:$AY$46,5,FALSE) -> Valentina Jimenez Gomez | H4: IZQUIERDA | I4: DERECHA | J4: IZQUIERDA | K4: DERECHA | L4: 1 | M4: 0
A5: 2 | B5: 2 | C5: 4 | D5: Luis Mario Ramirez Munoz | E5: Santiago Gutierrez de Pineres | F5: Nikol sofia avendano | G5: =VLOOKUP(Tabla13[[#This Row],[ID_PARTIDO]],Original!$AT$1:$AY$46,5,FALSE) -> Valentina Jimenez Gomez | H5: IZQUIERDA | I5: DERECHA | J5: IZQUIERDA | K5: DERECHA | L5: 0 | M5: 1
A6: 2 | B6: 2 | C6: 5 | D6: Luis Mario Ramirez Munoz | E6: Santiago Gutierrez de Pineres | F6: Nikol sofia avendano | G6: =VLOOKUP(Tabla13[[#This Row],[ID_PARTIDO]],Original!$AT$1:$AY$46,5,FALSE) -> Valentina Jimenez Gomez | H6: IZQUIERDA | I6: DERECHA | J6: IZQUIERDA | K6: DERECHA | L6: 1 | M6: 0
A7: 2 | B7: 2 | C7: 6 | D7: Luis Mario Ramirez Munoz | E7: Santiago Gutierrez de Pineres | F7: Nikol sofia avendano | G7: =VLOOKUP(Tabla13[[#This Row],[ID_PARTIDO]],Original!$AT$1:$AY$46,5,FALSE) -> Valentina Jimenez Gomez | H7: IZQUIERDA | I7: DERECHA | J7: IZQUIERDA | K7: DERECHA | L7: 0 | M7: 1
A8: 2 | B8: 2 | C8: 7 | D8: Luis Mario Ramirez Munoz | E8: Santiago Gutierrez de Pineres | F8: Nikol sofia avendano | G8: =VLOOKUP(Tabla13[[#This Row],[ID_PARTIDO]],Original!$AT$1:$AY$46,5,FALSE) -> Valentina Jimenez Gomez | H8: IZQUIERDA | I8: DERECHA | J8: IZQUIERDA | K8: DERECHA | L8: 1 | M8: 0
A9: 2 | B9: 2 | C9: 8 | D9: Luis Mario Ramirez Munoz | E9: Santiago Gutierrez de Pineres | F9: Nikol sofia avendano | G9: =VLOOKUP(Tabla13[[#This Row],[ID_PARTIDO]],Original!$AT$1:$AY$46,5,FALSE) -> Valentina Jimenez Gomez | H9: IZQUIERDA | I9: DERECHA | J9: IZQUIERDA | K9: DERECHA | L9: 1 | M9: 0
A10: 2 | B10: 2 | C10: 9 | D10: Luis Mario Ramirez Munoz | E10: Santiago Gutierrez de Pineres | F10: Nikol sofia avendano | G10: =VLOOKUP(Tabla13[[#This Row],[ID_PARTIDO]],Original!$AT$1:$AY$46,5,FALSE) -> Valentina Jimenez Gomez | H10: IZQUIERDA | I10: DERECHA | J10: IZQUIERDA | K10: DERECHA | L10: 1 | M10: 0
A11: 6 | B11: 2 | C11: 1 | D11: Luis Mario Ramirez Munoz | E11: Carlos Felipe Andrade Saenz | F11: =VLOOKUP(Tabla13[[#This Row],[ID_PARTIDO]],Original!$AT$1:$AY$46,4,FALSE) -> Fermin Alejandro Escalona Guillen | G11: =VLOOKUP(Tabla13[[#This Row],[ID_PARTIDO]],Original!$AT$1:$AY$46,5,FALSE) -> David Santiago Medina Buitrago | H11: IZQUIERDA | I11: DERECHA | J11: DERECHA | K11: IZQUIERDA | L11: 0 | M11: 1
A12: 6 | B12: 2 | C12: 2 | D12: Luis Mario Ramirez Munoz | E12: Carlos Felipe Andrade Saenz | F12: =VLOOKUP(Tabla13[[#This Row],[ID_PARTIDO]],Original!$AT$1:$AY$46,4,FALSE) -> Fermin Alejandro Escalona Guillen | G12: =VLOOKUP(Tabla13[[#This Row],[ID_PARTIDO]],Original!$AT$1:$AY$46,5,FALSE) -> David Santiago Medina Buitrago | H12: IZQUIERDA | I12: DERECHA | J12: DERECHA | K12: IZQUIERDA | L12: 1 | M12: 0
A13: 6 | B13: 2 | C13: 3 | D13: Luis Mario Ramirez Munoz | E13: Carlos Felipe Andrade Saenz | F13: =VLOOKUP(Tabla13[[#This Row],[ID_PARTIDO]],Original!$AT$1:$AY$46,4,FALSE) -> Fermin Alejandro Escalona Guillen | G13: =VLOOKUP(Tabla13[[#This Row],[ID_PARTIDO]],Original!$AT$1:$AY$46,5,FALSE) -> David Santiago Medina Buitrago | H13: IZQUIERDA | I13: DERECHA | J13: DERECHA | K13: IZQUIERDA | L13: 0 | M13: 1
A14: 6 | B14: 2 | C14: 4 | D14: Luis Mario Ramirez Munoz | E14: Carlos Felipe Andrade Saenz | F14: =VLOOKUP(Tabla13[[#This Row],[ID_PARTIDO]],Original!$AT$1:$AY$46,4,FALSE) -> Fermin Alejandro Escalona Guillen | G14: =VLOOKUP(Tabla13[[#This Row],[ID_PARTIDO]],Original!$AT$1:$AY$46,5,FALSE) -> David Santiago Medina Buitrago | H14: IZQUIERDA | I14: DERECHA | J14: DERECHA | K14: IZQUIERDA | L14: 1 | M14: 0
A15: 6 | B15: 2 | C15: 5 | D15: Luis Mario Ramirez Munoz | E15: Carlos Felipe Andrade Saenz | F15: =VLOOKUP(Tabla13[[#This Row],[ID_PARTIDO]],Original!$AT$1:$AY$46,4,FALSE) -> Fermin Alejandro Escalona Guillen | G15: =VLOOKUP(Tabla13[[#This Row],[ID_PARTIDO]],Original!$AT$1:$AY$46,5,FALSE) -> David Santiago Medina Buitrago | H15: IZQUIERDA | I15: DERECHA | J15: DERECHA | K15: IZQUIERDA | L15: 1 | M15: 0
A16: 6 | B16: 2 | C16: 6 | D16: Luis Mario Ramirez Munoz | E16: Carlos Felipe Andrade Saenz | F16: =VLOOKUP(Tabla13[[#This Row],[ID_PARTIDO]],Original!$AT$1:$AY$46,4,FALSE) -> Fermin Alejandro Escalona Guillen | G16: =VLOOKUP(Tabla13[[#This Row],[ID_PARTIDO]],Original!$AT$1:$AY$46,5,FALSE) -> David Santiago Medina Buitrago | H16: IZQUIERDA | I16: DERECHA | J16: DERECHA | K16: IZQUIERDA | L16: 0 | M16: 1
A17: 6 | B17: 2 | C17: 7 | D17: Luis Mario Ramirez Munoz | E17: Carlos Felipe Andrade Saenz | F17: =VLOOKUP(Tabla13[[#This Row],[ID_PARTIDO]],Original!$AT$1:$AY$46,4,FALSE) -> Fermin Alejandro Escalona Guillen | G17: =VLOOKUP(Tabla13[[#This Row],[ID_PARTIDO]],Original!$AT$1:$AY$46,5,FALSE) -> David Santiago Medina Buitrago | H17: IZQUIERDA | I17: DERECHA | J17: DERECHA | K17: IZQUIERDA | L17: 0 | M17: 1
A18: 6 | B18: 2 | C18: 8 | D18: Luis Mario Ramirez Munoz | E18: Carlos Felipe Andrade Saenz | F18: =VLOOKUP(Tabla13[[#This Row],[ID_PARTIDO]],Original!$AT$1:$AY$46,4,FALSE) -> Fermin Alejandro Escalona Guillen | G18: =VLOOKUP(Tabla13[[#This Row],[ID_PARTIDO]],Original!$AT$1:$AY$46,5,FALSE) -> David Santiago Medina Buitrago | H18: IZQUIERDA | I18: DERECHA | J18: DERECHA | K18: IZQUIERDA | L18: 1 | M18: 0
A19: 6 | B19: 2 | C19: 9 | D19: Luis Mario Ramirez Munoz | E19: Carlos Felipe Andrade Saenz | F19: =VLOOKUP(Tabla13[[#This Row],[ID_PARTIDO]],Original!$AT$1:$AY$46,4,FALSE) -> Fermin Alejandro Escalona Guillen | G19: =VLOOKUP(Tabla13[[#This Row],[ID_PARTIDO]],Original!$AT$1:$AY$46,5,FALSE) -> David Santiago Medina Buitrago | H19: IZQUIERDA | I19: DERECHA | J19: DERECHA | K19: IZQUIERDA | L19: 0 | M19: 1
A20: 6 | B20: 2 | C20: 10 | D20: Luis Mario Ramirez Munoz | E20: Carlos Felipe Andrade Saenz | F20: =VLOOKUP(Tabla13[[#This Row],[ID_PARTIDO]],Original!$AT$1:$AY$46,4,FALSE) -> Fermin Alejandro Escalona Guillen | G20: =VLOOKUP(Tabla13[[#This Row],[ID_PARTIDO]],Original!$AT$1:$AY$46,5,FALSE) -> David Santiago Medina Buitrago | H20: IZQUIERDA | I20: DERECHA | J20: DERECHA | K20: IZQUIERDA | L20: 1 | M20: 0
A21: 6 | B21: 2 | C21: 11 | D21: Luis Mario Ramirez Munoz | E21: Carlos Felipe Andrade Saenz | F21: =VLOOKUP(Tabla13[[#This Row],[ID_PARTIDO]],Original!$AT$1:$AY$46,4,FALSE) -> Fermin Alejandro Escalona Guillen | G21: =VLOOKUP(Tabla13[[#This Row],[ID_PARTIDO]],Original!$AT$1:$AY$46,5,FALSE) -> David Santiago Medina Buitrago | H21: IZQUIERDA | I21: DERECHA | J21: DERECHA | K21: IZQUIERDA | L21: 0 | M21: 1
A22: 6 | B22: 2 | C22: 12 | D22: Luis Mario Ramirez Munoz | E22: Carlos Felipe Andrade Saenz | F22: =VLOOKUP(Tabla13[[#This Row],[ID_PARTIDO]],Original!$AT$1:$AY$46,4,FALSE) -> Fermin Alejandro Escalona Guillen | G22: =VLOOKUP(Tabla13[[#This Row],[ID_PARTIDO]],Original!$AT$1:$AY$46,5,FALSE) -> David Santiago Medina Buitrago | H22: IZQUIERDA | I22: DERECHA | J22: DERECHA | K22: IZQUIERDA | L22: 1 | M22: 0
A23: 8 | B23: 2 | C23: 1 | D23: Samuel Andrés Rodríguez Ulloa | E23: Sergio Andrés López Rodríguez | F23: maria jose martinez villabona | G23: =VLOOKUP(Tabla13[[#This Row],[ID_PARTIDO]],Original!$AT$1:$AY$46,5,FALSE) -> Nicolas Navarro | H23: DERECHA | I23: IZQUIERDA | J23: DERECHA | K23: IZQUIERDA | L23: 1 | M23: 0
A24: 8 | B24: 2 | C24: 2 | D24: Samuel Andrés Rodríguez Ulloa | E24: Sergio Andrés López Rodríguez | F24: maria jose martinez villabona | G24: =VLOOKUP(Tabla13[[#This Row],[ID_PARTIDO]],Original!$AT$1:$AY$46,5,FALSE) -> Nicolas Navarro | H24: DERECHA | I24: IZQUIERDA | J24: DERECHA | K24: IZQUIERDA | L24: 1 | M24: 0
A25: 8 | B25: 2 | C25: 3 | D25: Samuel Andrés Rodríguez Ulloa | E25: Sergio Andrés López Rodríguez | F25: maria jose martinez villabona | G25: =VLOOKUP(Tabla13[[#This Row],[ID_PARTIDO]],Original!$AT$1:$AY$46,5,FALSE) -> Nicolas Navarro | H25: DERECHA | I25: IZQUIERDA | J25: DERECHA | K25: IZQUIERDA | L25: 0 | M25: 1
A26: 8 | B26: 2 | C26: 4 | D26: Samuel Andrés Rodríguez Ulloa | E26: Sergio Andrés López Rodríguez | F26: maria jose martinez villabona | G26: =VLOOKUP(Tabla13[[#This Row],[ID_PARTIDO]],Original!$AT$1:$AY$46,5,FALSE) -> Nicolas Navarro | H26: DERECHA | I26: IZQUIERDA | J26: DERECHA | K26: IZQUIERDA | L26: 0 | M26: 1
A27: 8 | B27: 2 | C27: 5 | D27: Samuel Andrés Rodríguez Ulloa | E27: Sergio Andrés López Rodríguez | F27: maria jose martinez villabona | G27: =VLOOKUP(Tabla13[[#This Row],[ID_PARTIDO]],Original!$AT$1:$AY$46,5,FALSE) -> Nicolas Navarro | H27: DERECHA | I27: IZQUIERDA | J27: DERECHA | K27: IZQUIERDA | L27: 0 | M27: 1
A28: 8 | B28: 2 | C28: 6 | D28: Samuel Andrés Rodríguez Ulloa | E28: Sergio Andrés López Rodríguez | F28: maria jose martinez villabona | G28: =VLOOKUP(Tabla13[[#This Row],[ID_PARTIDO]],Original!$AT$1:$AY$46,5,FALSE) -> Nicolas Navarro | H28: DERECHA | I28: IZQUIERDA | J28: DERECHA | K28: IZQUIERDA | L28: 0 | M28: 1
A29: 8 | B29: 2 | C29: 7 | D29: Samuel Andrés Rodríguez Ulloa | E29: Sergio Andrés López Rodríguez | F29: maria jose martinez villabona | G29: =VLOOKUP(Tabla13[[#This Row],[ID_PARTIDO]],Original!$AT$1:$AY$46,5,FALSE) -> Nicolas Navarro | H29: DERECHA | I29: IZQUIERDA | J29: DERECHA | K29: IZQUIERDA | L29: 1 | M29: 0
A30: 8 | B30: 2 | C30: 8 | D30: Samuel Andrés Rodríguez Ulloa | E30: Sergio Andrés López Rodríguez | F30: maria jose martinez villabona | G30: =VLOOKUP(Tabla13[[#This Row],[ID_PARTIDO]],Original!$AT$1:$AY$46,5,FALSE) -> Nicolas Navarro | H30: DERECHA | I30: IZQUIERDA | J30: DERECHA | K30: IZQUIERDA | L30: 1 | M30: 0
A31: 8 | B31: 2 | C31: 9 | D31: Samuel Andrés Rodríguez Ulloa | E31: Sergio Andrés López Rodríguez | F31: maria jose martinez villabona | G31: =VLOOKUP(Tabla13[[#This Row],[ID_PARTIDO]],Original!$AT$1:$AY$46,5,FALSE) -> Nicolas Navarro | H31: DERECHA | I31: IZQUIERDA | J31: DERECHA | K31: IZQUIERDA | L31: 1 | M31: 0
A32: 8 | B32: 2 | C32: 10 | D32: Samuel Andrés Rodríguez Ulloa | E32: Sergio Andrés López Rodríguez | F32: maria jose martinez villabona | G32: =VLOOKUP(Tabla13[[#This Row],[ID_PARTIDO]],Original!$AT$1:$AY$46,5,FALSE) -> Nicolas Navarro | H32: DERECHA | I32: IZQUIERDA | J32: DERECHA | K32: IZQUIERDA | L32: 1 | M32: 0
A33: 8 | B33: 2 | C33: 11 | D33: Samuel Andrés Rodríguez Ulloa | E33: Sergio Andrés López Rodríguez | F33: maria jose martinez villabona | G33: =VLOOKUP(Tabla13[[#This Row],[ID_PARTIDO]],Original!$AT$1:$AY$46,5,FALSE) -> Nicolas Navarro | H33: DERECHA | I33: IZQUIERDA | J33: DERECHA | K33: IZQUIERDA | L33: 1 | M33: 0
A34: 4 | B34: 2 | C34: 1 | D34: =VLOOKUP(Tabla13[[#This Row],[ID_PARTIDO]],Original!$AT$1:$AY$46,2,FALSE) -> Rafael Andres Salcedo Valdivieso | E34: =VLOOKUP(Tabla13[[#This Row],[ID_PARTIDO]],Original!$AT$1:$AY$46,3,FALSE) -> Luis Jorge Garcia Camargo | F34: =VLOOKUP(Tabla13[[#This Row],[ID_PARTIDO]],Original!$AT$1:$AY$46,4,FALSE) -> Santiago Navarro Cuy | G34: =VLOOKUP(Tabla13[[#This Row],[ID_PARTIDO]],Original!$AT$1:$AY$46,5,FALSE) -> Juan Pablo Aponte Veloza | H34: DERECHA | I34: IZQUIERDA | J34: IZQUIERDA | K34: DERECHA | L34: 0 | M34: 1
A35: 4 | B35: 2 | C35: 2 | D35: =VLOOKUP(Tabla13[[#This Row],[ID_PARTIDO]],Original!$AT$1:$AY$46,2,FALSE) -> Rafael Andres Salcedo Valdivieso | E35: =VLOOKUP(Tabla13[[#This Row],[ID_PARTIDO]],Original!$AT$1:$AY$46,3,FALSE) -> Luis Jorge Garcia Camargo | F35: =VLOOKUP(Tabla13[[#This Row],[ID_PARTIDO]],Original!$AT$1:$AY$46,4,FALSE) -> Santiago Navarro Cuy | G35: =VLOOKUP(Tabla13[[#This Row],[ID_PARTIDO]],Original!$AT$1:$AY$46,5,FALSE) -> Juan Pablo Aponte Veloza | H35: DERECHA | I35: IZQUIERDA | J35: IZQUIERDA | K35: DERECHA | L35: 1 | M35: 0
A36: 4 | B36: 2 | C36: 3 | D36: =VLOOKUP(Tabla13[[#This Row],[ID_PARTIDO]],Original!$AT$1:$AY$46,2,FALSE) -> Rafael Andres Salcedo Valdivieso | E36: =VLOOKUP(Tabla13[[#This Row],[ID_PARTIDO]],Original!$AT$1:$AY$46,3,FALSE) -> Luis Jorge Garcia Camargo | F36: =VLOOKUP(Tabla13[[#This Row],[ID_PARTIDO]],Original!$AT$1:$AY$46,4,FALSE) -> Santiago Navarro Cuy | G36: =VLOOKUP(Tabla13[[#This Row],[ID_PARTIDO]],Original!$AT$1:$AY$46,5,FALSE) -> Juan Pablo Aponte Veloza | H36: DERECHA | I36: IZQUIERDA | J36: IZQUIERDA | K36: DERECHA | L36: 1 | M36: 0
A37: 4 | B37: 2 | C37: 4 | D37: =VLOOKUP(Tabla13[[#This Row],[ID_PARTIDO]],Original!$AT$1:$AY$46,2,FALSE) -> Rafael Andres Salcedo Valdivieso | E37: =VLOOKUP(Tabla13[[#This Row],[ID_PARTIDO]],Original!$AT$1:$AY$46,3,FALSE) -> Luis Jorge Garcia Camargo | F37: =VLOOKUP(Tabla13[[#This Row],[ID_PARTIDO]],Original!$AT$1:$AY$46,4,FALSE) -> Santiago Navarro Cuy | G37: =VLOOKUP(Tabla13[[#This Row],[ID_PARTIDO]],Original!$AT$1:$AY$46,5,FALSE) -> Juan Pablo Aponte Veloza | H37: DERECHA | I37: IZQUIERDA | J37: IZQUIERDA | K37: DERECHA | L37: 1 | M37: 0
A38: 4 | B38: 2 | C38: 5 | D38: =VLOOKUP(Tabla13[[#This Row],[ID_PARTIDO]],Original!$AT$1:$AY$46,2,FALSE) -> Rafael Andres Salcedo Valdivieso | E38: =VLOOKUP(Tabla13[[#This Row],[ID_PARTIDO]],Original!$AT$1:$AY$46,3,FALSE) -> Luis Jorge Garcia Camargo | F38: =VLOOKUP(Tabla13[[#This Row],[ID_PARTIDO]],Original!$AT$1:$AY$46,4,FALSE) -> Santiago Navarro Cuy | G38: =VLOOKUP(Tabla13[[#This Row],[ID_PARTIDO]],Original!$AT$1:$AY$46,5,FALSE) -> Juan Pablo Aponte Veloza | H38: DERECHA | I38: IZQUIERDA | J38: IZQUIERDA | K38: DERECHA | L38: 1 | M38: 0
A39: 4 | B39: 2 | C39: 6 | D39: =VLOOKUP(Tabla13[[#This Row],[ID_PARTIDO]],Original!$AT$1:$AY$46,2,FALSE) -> Rafael Andres Salcedo Valdivieso | E39: =VLOOKUP(Tabla13[[#This Row],[ID_PARTIDO]],Original!$AT$1:$AY$46,3,FALSE) -> Luis Jorge Garcia Camargo | F39: =VLOOKUP(Tabla13[[#This Row],[ID_PARTIDO]],Original!$AT$1:$AY$46,4,FALSE) -> Santiago Navarro Cuy | G39: =VLOOKUP(Tabla13[[#This Row],[ID_PARTIDO]],Original!$AT$1:$AY$46,5,FALSE) -> Juan Pablo Aponte Veloza | H39: DERECHA | I39: IZQUIERDA | J39: IZQUIERDA | K39: DERECHA | L39: 1 | M39: 0
A40: 4 | B40: 2 | C40: 7 | D40: =VLOOKUP(Tabla13[[#This Row],[ID_PARTIDO]],Original!$AT$1:$AY$46,2,FALSE) -> Rafael Andres Salcedo Valdivieso | E40: =VLOOKUP(Tabla13[[#This Row],[ID_PARTIDO]],Original!$AT$1:$AY$46,3,FALSE) -> Luis Jorge Garcia Camargo | F40: =VLOOKUP(Tabla13[[#This Row],[ID_PARTIDO]],Original!$AT$1:$AY$46,4,FALSE) -> Santiago Navarro Cuy | G40: =VLOOKUP(Tabla13[[#This Row],[ID_PARTIDO]],Original!$AT$1:$AY$46,5,FALSE) -> Juan Pablo Aponte Veloza | H40: DERECHA | I40: IZQUIERDA | J40: IZQUIERDA | K40: DERECHA | L40: 1 | M40: 0
A41: 4 | B41: 2 | C41: 8 | D41: =VLOOKUP(Tabla13[[#This Row],[ID_PARTIDO]],Original!$AT$1:$AY$46,2,FALSE) -> Rafael Andres Salcedo Valdivieso | E41: =VLOOKUP(Tabla13[[#This Row],[ID_PARTIDO]],Original!$AT$1:$AY$46,3,FALSE) -> Luis Jorge Garcia Camargo | F41: =VLOOKUP(Tabla13[[#This Row],[ID_PARTIDO]],Original!$AT$1:$AY$46,4,FALSE) -> Santiago Navarro Cuy | G41: =VLOOKUP(Tabla13[[#This Row],[ID_PARTIDO]],Original!$AT$1:$AY$46,5,FALSE) -> Juan Pablo Aponte Veloza | H41: DERECHA | I41: IZQUIERDA | J41: IZQUIERDA | K41: DERECHA | L41: 0 | M41: 1
A42: 4 | B42: 2 | C42: 9 | D42: =VLOOKUP(Tabla13[[#This Row],[ID_PARTIDO]],Original!$AT$1:$AY$46,2,FALSE) -> Rafael Andres Salcedo Valdivieso | E42: =VLOOKUP(Tabla13[[#This Row],[ID_PARTIDO]],Original!$AT$1:$AY$46,3,FALSE) -> Luis Jorge Garcia Camargo | F42: =VLOOKUP(Tabla13[[#This Row],[ID_PARTIDO]],Original!$AT$1:$AY$46,4,FALSE) -> Santiago Navarro Cuy | G42: =VLOOKUP(Tabla13[[#This Row],[ID_PARTIDO]],Original!$AT$1:$AY$46,5,FALSE) -> Juan Pablo Aponte Veloza | H42: DERECHA | I42: IZQUIERDA | J42: IZQUIERDA | K42: DERECHA | L42: 1 | M42: 0
A43: 10 | B43: 2 | C43: 1 | D43: =VLOOKUP(Tabla13[[#This Row],[ID_PARTIDO]],Original!$AT$1:$AY$46,2,FALSE) -> Santiago Urrego Rodríguez | E43: =VLOOKUP(Tabla13[[#This Row],[ID_PARTIDO]],Original!$AT$1:$AY$46,3,FALSE) -> Maria Fernanda Tamayo Lopez | F43: =VLOOKUP(Tabla13[[#This Row],[ID_PARTIDO]],Original!$AT$1:$AY$46,4,FALSE) -> maria jose martinez villabona | G43: =VLOOKUP(Tabla13[[#This Row],[ID_PARTIDO]],Original!$AT$1:$AY$46,5,FALSE) -> Nikol sofia avendaño | H43: IZQUIERDA | I43: DERECHA | J43: DERECHA | K43: IZQUIERDA | L43: 0 | M43: 1
A44: 10 | B44: 2 | C44: 2 | D44: =VLOOKUP(Tabla13[[#This Row],[ID_PARTIDO]],Original!$AT$1:$AY$46,2,FALSE) -> Santiago Urrego Rodríguez | E44: =VLOOKUP(Tabla13[[#This Row],[ID_PARTIDO]],Original!$AT$1:$AY$46,3,FALSE) -> Maria Fernanda Tamayo Lopez | F44: =VLOOKUP(Tabla13[[#This Row],[ID_PARTIDO]],Original!$AT$1:$AY$46,4,FALSE) -> maria jose martinez villabona | G44: =VLOOKUP(Tabla13[[#This Row],[ID_PARTIDO]],Original!$AT$1:$AY$46,5,FALSE) -> Nikol sofia avendaño | H44: IZQUIERDA | I44: DERECHA | J44: DERECHA | K44: IZQUIERDA | L44: 1 | M44: 0
A45: 10 | B45: 2 | C45: 3 | D45: =VLOOKUP(Tabla13[[#This Row],[ID_PARTIDO]],Original!$AT$1:$AY$46,2,FALSE) -> Santiago Urrego Rodríguez | E45: =VLOOKUP(Tabla13[[#This Row],[ID_PARTIDO]],Original!$AT$1:$AY$46,3,FALSE) -> Maria Fernanda Tamayo Lopez | F45: =VLOOKUP(Tabla13[[#This Row],[ID_PARTIDO]],Original!$AT$1:$AY$46,4,FALSE) -> maria jose martinez villabona | G45: =VLOOKUP(Tabla13[[#This Row],[ID_PARTIDO]],Original!$AT$1:$AY$46,5,FALSE) -> Nikol sofia avendaño | H45: IZQUIERDA | I45: DERECHA | J45: DERECHA | K45: IZQUIERDA | L45: 1 | M45: 0
... A225: 42 | B225: 2 | C225: 9 | D225: =VLOOKUP(Tabla13[[#This Row],[ID_PARTIDO]],Original!$AT$1:$AY$46,2,FALSE) -> Sergio Andrés López Rodríguez | E225: =VLOOKUP(Tabla13[[#This Row],[ID_PARTIDO]],Original!$AT$1:$AY$46,3,FALSE) -> juan miguel venegas garzón | F225: =VLOOKUP(Tabla13[[#This Row],[ID_PARTIDO]],Original!$AT$1:$AY$46,4,FALSE) -> Cristian Stevan Soto Zapata | G225: =VLOOKUP(Tabla13[[#This Row],[ID_PARTIDO]],Original!$AT$1:$AY$46,5,FALSE) -> sara juliana solano boada | H225: IZQUIERDA | I225: DERECHA | J225: IZQUIERDA | K225: DERECHA | L225: 1 | M225: 0
A226: 44 | B226: 2 | C226: 1 | D226: =VLOOKUP(Tabla13[[#This Row],[ID_PARTIDO]],Original!$AT$1:$AY$46,2,FALSE) -> Maria Fernanda Tamayo Lopez | E226: =VLOOKUP(Tabla13[[#This Row],[ID_PARTIDO]],Original!$AT$1:$AY$46,3,FALSE) -> Juan Pablo Aponte Veloza | F226: =VLOOKUP(Tabla13[[#This Row],[ID_PARTIDO]],Original!$AT$1:$AY$46,4,FALSE) -> Juliana Beltrán Díaz | G226: Luis Mario Ramirez Munoz | H226: DERECHA | I226: IZQUIERDA | J226: DERECHA | K226: IZQUIERDA | L226: 0 | M226: 1
A227: 44 | B227: 2 | C227: 2 | D227: =VLOOKUP(Tabla13[[#This Row],[ID_PARTIDO]],Original!$AT$1:$AY$46,2,FALSE) -> Maria Fernanda Tamayo Lopez | E227: =VLOOKUP(Tabla13[[#This Row],[ID_PARTIDO]],Original!$AT$1:$AY$46,3,FALSE) -> Juan Pablo Aponte Veloza | F227: =VLOOKUP(Tabla13[[#This Row],[ID_PARTIDO]],Original!$AT$1:$AY$46,4,FALSE) -> Juliana Beltrán Díaz | G227: Luis Mario Ramirez Munoz | H227: DERECHA | I227: IZQUIERDA | J227: DERECHA | K227: IZQUIERDA | L227: 0 | M227: 1
A228: 44 | B228: 2 | C228: 3 | D228: =VLOOKUP(Tabla13[[#This Row],[ID_PARTIDO]],Original!$AT$1:$AY$46,2,FALSE) -> Maria Fernanda Tamayo Lopez | E228: =VLOOKUP(Tabla13[[#This Row],[ID_PARTIDO]],Original!$AT$1:$AY$46,3,FALSE) -> Juan Pablo Aponte Veloza | F228: =VLOOKUP(Tabla13[[#This Row],[ID_PARTIDO]],Original!$AT$1:$AY$46,4,FALSE) -> Juliana Beltrán Díaz | G228: Luis Mario Ramirez Munoz | H228: DERECHA | I228: IZQUIERDA | J228: DERECHA | K228: IZQUIERDA | L228: 0 | M228: 1
A229: 44 | B229: 2 | C229: 4 | D229: =VLOOKUP(Tabla13[[#This Row],[ID_PARTIDO]],Original!$AT$1:$AY$46,2,FALSE) -> Maria Fernanda Tamayo Lopez | E229: =VLOOKUP(Tabla13[[#This Row],[ID_PARTIDO]],Original!$AT$1:$AY$46,3,FALSE) -> Juan Pablo Aponte Veloza | F229: =VLOOKUP(Tabla13[[#This Row],[ID_PARTIDO]],Original!$AT$1:$AY$46,4,FALSE) -> Juliana Beltrán Díaz | G229: Luis Mario Ramirez Munoz | H229: DERECHA | I229: IZQUIERDA | J229: DERECHA | K229: IZQUIERDA | L229: 0 | M229: 1
A230: 44 | B230: 2 | C230: 5 | D230: =VLOOKUP(Tabla13[[#This Row],[ID_PARTIDO]],Original!$AT$1:$AY$46,2,FALSE) -> Maria Fernanda Tamayo Lopez | E230: =VLOOKUP(Tabla13[[#This Row],[ID_PARTIDO]],Original!$AT$1:$AY$46,3,FALSE) -> Juan Pablo Aponte Veloza | F230: =VLOOKUP(Tabla13[[#This Row],[ID_PARTIDO]],Original!$AT$1:$AY$46,4,FALSE) -> Juliana Beltrán Díaz | G230: Luis Mario Ramirez Munoz | H230: DERECHA | I230: IZQUIERDA | J230: DERECHA | K230: IZQUIERDA | L230: 0 | M230: 1
A231: 44 | B231: 2 | C231: 6 | D231: =VLOOKUP(Tabla13[[#This Row],[ID_PARTIDO]],Original!$AT$1:$AY$46,2,FALSE) -> Maria Fernanda Tamayo Lopez | E231: =VLOOKUP(Tabla13[[#This Row],[ID_PARTIDO]],Original!$AT$1:$AY$46,3,FALSE) -> Juan Pablo Aponte Veloza | F231: =VLOOKUP(Tabla13[[#This Row],[ID_PARTIDO]],Original!$AT$1:$AY$46,4,FALSE) -> Juliana Beltrán Díaz | G231: Luis Mario Ramirez Munoz | H231: DERECHA | I231: IZQUIERDA | J231: DERECHA | K231: IZQUIERDA | L231: 1 | M231: 0
A232: 44 | B232: 2 | C232: 7 | D232: =VLOOKUP(Tabla13[[#This Row],[ID_PARTIDO]],Original!$AT$1:$AY$46,2,FALSE) -> Maria Fernanda Tamayo Lopez | E232: =VLOOKUP(Tabla13[[#This Row],[ID_PARTIDO]],Original!$AT$1:$AY$46,3,FALSE) -> Juan Pablo Aponte Veloza | F232: =VLOOKUP(Tabla13[[#This Row],[ID_PARTIDO]],Original!$AT$1:$AY$46,4,FALSE) -> Juliana Beltrán Díaz | G232: Luis Mario Ramirez Munoz | H232: DERECHA | I232: IZQUIERDA | J232: DERECHA | K232: IZQUIERDA | L232: 1 | M232: 0
A233: 44 | B233: 2 | C233: 8 | D233: =VLOOKUP(Tabla13[[#This Row],[ID_PARTIDO]],Original!$AT$1:$AY$46,2,FALSE) -> Maria Fernanda Tamayo Lopez | E233: =VLOOKUP(Tabla13[[#This Row],[ID_PARTIDO]],Original!$AT$1:$AY$46,3,FALSE) -> Juan Pablo Aponte Veloza | F233: =VLOOKUP(Tabla13[[#This Row],[ID_PARTIDO]],Original!$AT$1:$AY$46,4,FALSE) -> Juliana Beltrán Díaz | G233: Luis Mario Ramirez Munoz | H233: DERECHA | I233: IZQUIERDA | J233: DERECHA | K233: IZQUIERDA | L233: 0 | M233: 1
A234: 44 | B234: 2 | C234: 9 | D234: =VLOOKUP(Tabla13[[#This Row],[ID_PARTIDO]],Original!$AT$1:$AY$46,2,FALSE) -> Maria Fernanda Tamayo Lopez | E234: =VLOOKUP(Tabla13[[#This Row],[ID_PARTIDO]],Original!$AT$1:$AY$46,3,FALSE) -> Juan Pablo Aponte Veloza | F234: =VLOOKUP(Tabla13[[#This Row],[ID_PARTIDO]],Original!$AT$1:$AY$46,4,FALSE) -> Juliana Beltrán Díaz | G234: Luis Mario Ramirez Munoz | H234: DERECHA | I234: IZQUIERDA | J234: DERECHA | K234: IZQUIERDA | L234: 0 | M234: 1
A235: 44 | B235: 2 | C235: 10 | D235: =VLOOKUP(Tabla13[[#This Row],[ID_PARTIDO]],Original!$AT$1:$AY$46,2,FALSE) -> Maria Fernanda Tamayo Lopez | E235: =VLOOKUP(Tabla13[[#This Row],[ID_PARTIDO]],Original!$AT$1:$AY$46,3,FALSE) -> Juan Pablo Aponte Veloza | F235: =VLOOKUP(Tabla13[[#This Row],[ID_PARTIDO]],Original!$AT$1:$AY$46,4,FALSE) -> Juliana Beltrán Díaz | G235: Luis Mario Ramirez Munoz | H235: DERECHA | I235: IZQUIERDA | J235: DERECHA | K235: IZQUIERDA
A236: 39 | B236: 2 | C236: 1 | D236: =VLOOKUP(Tabla13[[#This Row],[ID_PARTIDO]],Original!$AT$1:$AY$46,2,FALSE) -> Nicolas Navarro | E236: =VLOOKUP(Tabla13[[#This Row],[ID_PARTIDO]],Original!$AT$1:$AY$46,3,FALSE) -> maria jose martinez villabona | F236: =VLOOKUP(Tabla13[[#This Row],[ID_PARTIDO]],Original!$AT$1:$AY$46,4,FALSE) -> Maria Fernanda Tamayo Lopez | G236: =VLOOKUP(Tabla13[[#This Row],[ID_PARTIDO]],Original!$AT$1:$AY$46,5,FALSE) -> Juan Pablo Vargas Jiménez | H236: IZQUIERDA | I236: DERECHA | J236: DERECHA | K236: IZQUIERDA | L236: 1 | M236: 0
A237: 39 | B237: 2 | C237: 2 | D237: =VLOOKUP(Tabla13[[#This Row],[ID_PARTIDO]],Original!$AT$1:$AY$46,2,FALSE) -> Nicolas Navarro | E237: =VLOOKUP(Tabla13[[#This Row],[ID_PARTIDO]],Original!$AT$1:$AY$46,3,FALSE) -> maria jose martinez villabona | F237: =VLOOKUP(Tabla13[[#This Row],[ID_PARTIDO]],Original!$AT$1:$AY$46,4,FALSE) -> Maria Fernanda Tamayo Lopez | G237: =VLOOKUP(Tabla13[[#This Row],[ID_PARTIDO]],Original!$AT$1:$AY$46,5,FALSE) -> Juan Pablo Vargas Jiménez | H237: IZQUIERDA | I237: DERECHA | J237: DERECHA | K237: IZQUIERDA | L237: 1 | M237: 0
A238: 39 | B238: 2 | C238: 3 | D238: =VLOOKUP(Tabla13[[#This Row],[ID_PARTIDO]],Original!$AT$1:$AY$46,2,FALSE) -> Nicolas Navarro | E238: =VLOOKUP(Tabla13[[#This Row],[ID_PARTIDO]],Original!$AT$1:$AY$46,3,FALSE) -> maria jose martinez villabona | F238: =VLOOKUP(Tabla13[[#This Row],[ID_PARTIDO]],Original!$AT$1:$AY$46,4,FALSE) -> Maria Fernanda Tamayo Lopez | G238: =VLOOKUP(Tabla13[[#This Row],[ID_PARTIDO]],Original!$AT$1:$AY$46,5,FALSE) -> Juan Pablo Vargas Jiménez | H238: IZQUIERDA | I238: DERECHA | J238: DERECHA | K238: IZQUIERDA | L238: 1 | M238: 0
A239: 39 | B239: 2 | C239: 4 | D239: =VLOOKUP(Tabla13[[#This Row],[ID_PARTIDO]],Original!$AT$1:$AY$46,2,FALSE) -> Nicolas Navarro | E239: =VLOOKUP(Tabla13[[#This Row],[ID_PARTIDO]],Original!$AT$1:$AY$46,3,FALSE) -> maria jose martinez villabona | F239: =VLOOKUP(Tabla13[[#This Row],[ID_PARTIDO]],Original!$AT$1:$AY$46,4,FALSE) -> Maria Fernanda Tamayo Lopez | G239: =VLOOKUP(Tabla13[[#This Row],[ID_PARTIDO]],Original!$AT$1:$AY$46,5,FALSE) -> Juan Pablo Vargas Jiménez | H239: IZQUIERDA | I239: DERECHA | J239: DERECHA | K239: IZQUIERDA | L239: 0 | M239: 1
A240: 39 | B240: 2 | C240: 5 | D240: =VLOOKUP(Tabla13[[#This Row],[ID_PARTIDO]],Original!$AT$1:$AY$46,2,FALSE) -> Nicolas Navarro | E240: =VLOOKUP(Tabla13[[#This Row],[ID_PARTIDO]],Original!$AT$1:$AY$46,3,FALSE) -> maria jose martinez villabona | F240: =VLOOKUP(Tabla13[[#This Row],[ID_PARTIDO]],Original!$AT$1:$AY$46,4,FALSE) -> Maria Fernanda Tamayo Lopez | G240: =VLOOKUP(Tabla13[[#This Row],[ID_PARTIDO]],Original!$AT$1:$AY$46,5,FALSE) -> Juan Pablo Vargas Jiménez | H240: IZQUIERDA | I240: DERECHA | J240: DERECHA | K240: IZQUIERDA | L240: 0 | M240: 1
A241: 39 | B241: 2 | C241: 6 | D241: =VLOOKUP(Tabla13[[#This Row],[ID_PARTIDO]],Original!$AT$1:$AY$46,2,FALSE) -> Nicolas Navarro | E241: =VLOOKUP(Tabla13[[#This Row],[ID_PARTIDO]],Original!$AT$1:$AY$46,3,FALSE) -> maria jose martinez villabona | F241: =VLOOKUP(Tabla13[[#This Row],[ID_PARTIDO]],Original!$AT$1:$AY$46,4,FALSE) -> Maria Fernanda Tamayo Lopez | G241: =VLOOKUP(Tabla13[[#This Row],[ID_PARTIDO]],Original!$AT$1:$AY$46,5,FALSE) -> Juan Pablo Vargas Jiménez | H241: IZQUIERDA | I241: DERECHA | J241: DERECHA | K241: IZQUIERDA | L241: 0 | M241: 1
A242: 39 | B242: 2 | C242: 7 | D242: =VLOOKUP(Tabla13[[#This Row],[ID_PARTIDO]],Original!$AT$1:$AY$46,2,FALSE) -> Nicolas Navarro | E242: =VLOOKUP(Tabla13[[#This Row],[ID_PARTIDO]],Original!$AT$1:$AY$46,3,FALSE) -> maria jose martinez villabona | F242: =VLOOKUP(Tabla13[[#This Row],[ID_PARTIDO]],Original!$AT$1:$AY$46,4,FALSE) -> Maria Fernanda Tamayo Lopez | G242: =VLOOKUP(Tabla13[[#This Row],[ID_PARTIDO]],Original!$AT$1:$AY$46,5,FALSE) -> Juan Pablo Vargas Jiménez | H242: IZQUIERDA | I242: DERECHA | J242: DERECHA | K242: IZQUIERDA | L242: 1 | M242: 0
A243: 39 | B243: 2 | C243: 8 | D243: =VLOOKUP(Tabla13[[#This Row],[ID_PARTIDO]],Original!$AT$1:$AY$46,2,FALSE) -> Nicolas Navarro | E243: =VLOOKUP(Tabla13[[#This Row],[ID_PARTIDO]],Original!$AT$1:$AY$46,3,FALSE) -> maria jose martinez villabona | F243: =VLOOKUP(Tabla13[[#This Row],[ID_PARTIDO]],Original!$AT$1:$AY$46,4,FALSE) -> Maria Fernanda Tamayo Lopez | G243: =VLOOKUP(Tabla13[[#This Row],[ID_PARTIDO]],Original!$AT$1:$AY$46,5,FALSE) -> Juan Pablo Vargas Jiménez | H243: IZQUIERDA | I243: DERECHA | J243: DERECHA | K243: IZQUIERDA | L243: 0 | M243: 1
A244: 39 | B244: 2 | C244: 9 | D244: =VLOOKUP(Tabla13[[#This Row],[ID_PARTIDO]],Original!$AT$1:$AY$46,2,FALSE) -> Nicolas Navarro | E244: =VLOOKUP(Tabla13[[#This Row],[ID_PARTIDO]],Original!$AT$1:$AY$46,3,FALSE) -> maria jose martinez villabona | F244: =VLOOKUP(Tabla13[[#This Row],[ID_PARTIDO]],Original!$AT$1:$AY$46,4,FALSE) -> Maria Fernanda Tamayo Lopez | G244: =VLOOKUP(Tabla13[[#This Row],[ID_PARTIDO]],Original!$AT$1:$AY$46,5,FALSE) -> Juan Pablo Vargas Jiménez | H244: IZQUIERDA | I244: DERECHA | J244: DERECHA | K244: IZQUIERDA | L244: 1 | M244: 0
A245: 39 | B245: 2 | C245: 10 | D245: =VLOOKUP(Tabla13[[#This Row],[ID_PARTIDO]],Original!$AT$1:$AY$46,2,FALSE) -> Nicolas Navarro | E245: =VLOOKUP(Tabla13[[#This Row],[ID_PARTIDO]],Original!$AT$1:$AY$46,3,FALSE) -> maria jose martinez villabona | F245: =VLOOKUP(Tabla13[[#This Row],[ID_PARTIDO]],Original!$AT$1:$AY$46,4,FALSE) -> Maria Fernanda Tamayo Lopez | G245: =VLOOKUP(Tabla13[[#This Row],[ID_PARTIDO]],Original!$AT$1:$AY$46,5,FALSE) -> Juan Pablo Vargas Jiménez | H245: IZQUIERDA | I245: DERECHA | J245: DERECHA | K245: IZQUIERDA | L245: 1 | M245: 0
A246: 39 | B246: 2 | C246: 11 | D246: =VLOOKUP(Tabla13[[#This Row],[ID_PARTIDO]],Original!$AT$1:$AY$46,2,FALSE) -> Nicolas Navarro | E246: =VLOOKUP(Tabla13[[#This Row],[ID_PARTIDO]],Original!$AT$1:$AY$46,3,FALSE) -> maria jose martinez villabona | F246: =VLOOKUP(Tabla13[[#This Row],[ID_PARTIDO]],Original!$AT$1:$AY$46,4,FALSE) -> Maria Fernanda Tamayo Lopez | G246: =VLOOKUP(Tabla13[[#This Row],[ID_PARTIDO]],Original!$AT$1:$AY$46,5,FALSE) -> Juan Pablo Vargas Jiménez | H246: IZQUIERDA | I246: DERECHA | J246: DERECHA | K246: IZQUIERDA | L246: 0 | M246: 1
A247: 39 | B247: 2 | C247: 12 | D247: =VLOOKUP(Tabla13[[#This Row],[ID_PARTIDO]],Original!$AT$1:$AY$46,2,FALSE) -> Nicolas Navarro | E247: =VLOOKUP(Tabla13[[#This Row],[ID_PARTIDO]],Original!$AT$1:$AY$46,3,FALSE) -> maria jose martinez villabona | F247: =VLOOKUP(Tabla13[[#This Row],[ID_PARTIDO]],Original!$AT$1:$AY$46,4,FALSE) -> Maria Fernanda Tamayo Lopez | G247: =VLOOKUP(Tabla13[[#This Row],[ID_PARTIDO]],Original!$AT$1:$AY$46,5,FALSE) -> Juan Pablo Vargas Jiménez | H247: IZQUIERDA | I247: DERECHA | J247: DERECHA | K247: IZQUIERDA | L247: 0 | M247: 1
... A249: 39 | B249: 2 | C249: 14 | D249: =VLOOKUP(Tabla13[[#This Row],[ID_PARTIDO]],Original!$AT$1:$AY$46,2,FALSE) -> Nicolas Navarro | E249: =VLOOKUP(Tabla13[[#This Row],[ID_PARTIDO]],Original!$AT$1:$AY$46,3,FALSE) -> maria jose martinez villabona | F249: =VLOOKUP(Tabla13[[#This Row],[ID_PARTIDO]],Original!$AT$1:$AY$46,4,FALSE) -> Maria Fernanda Tamayo Lopez | G249: =VLOOKUP(Tabla13[[#This Row],[ID_PARTIDO]],Original!$AT$1:$AY$46,5,FALSE) -> Juan Pablo Vargas Jiménez | H249: IZQUIERDA | I249: DERECHA | J249: DERECHA | K249: IZQUIERDA | L249: 0 | M249: 1

Sheet Hoja2

Sheet CANCHA_1
A1: ID_PARTIDO | B1: CANCHA | C1: ID_PUNTO | D1: ID_JUGADOR_1_EQUIPO_1 | E1: ID_JUGADOR_2_EQUIPO_1 | F1: ID_JUGADOR_1_EQUIPO_2 | G1: ID_JUGADOR_2_EQUIPO_2 | H1: POSICION_JUGADOR_1_EQUIPO_1 | I1: POSICION_JUGADOR_2_EQUIPO_1 | J1: POSICION_JUGADOR_1_EQUIPO_2 | K1: POSICION_JUGADOR_2_EQUIPO_2 | L1: PUNTO_EQUIPO_1 | M1: PUNTO_EQUIPO_2
A2: 27 | B2: 1 | C2: 1 | D2: =VLOOKUP(Tabla1[[#This Row],[ID_PARTIDO]],Original!$AT$1:$AY$46,2,FALSE) -> Nicole Lizarazo | E2: =VLOOKUP(Tabla1[[#This Row],[ID_PARTIDO]],Original!$AT$1:$AY$46,3,FALSE) -> Valentina Alejandra Lopez Romero | F2: =VLOOKUP(Tabla1[[#This Row],[ID_PARTIDO]],Original!$AT$1:$AY$46,4,FALSE) -> Luis Jorge Garcia Camargo | G2: =VLOOKUP(Tabla1[[#This Row],[ID_PARTIDO]],Original!$AT$1:$AY$46,5,FALSE) -> Nikol sofia avendaño | H2: IZQUIERDA | I2: DERECHA | J2: IZQUIERDA | K2: DERECHA | L2: 1 | M2: 0
A3: 27 | B3: 1 | C3: 2 | D3: =VLOOKUP(Tabla1[[#This Row],[ID_PARTIDO]],Original!$AT$1:$AY$46,2,FALSE) -> Nicole Lizarazo | E3: =VLOOKUP(Tabla1[[#This Row],[ID_PARTIDO]],Original!$AT$1:$AY$46,3,FALSE) -> Valentina Alejandra Lopez Romero | F3: =VLOOKUP(Tabla1[[#This Row],[ID_PARTIDO]],Original!$AT$1:$AY$46,4,FALSE) -> Luis Jorge Garcia Camargo | G3: =VLOOKUP(Tabla1[[#This Row],[ID_PARTIDO]],Original!$AT$1:$AY$46,5,FALSE) -> Nikol sofia avendaño | H3: IZQUIERDA | I3: DERECHA | J3: IZQUIERDA | K3: DERECHA | L3: 0 | M3: 1
A4: 27 | B4: 1 | C4: 3 | D4: =VLOOKUP(Tabla1[[#This Row],[ID_PARTIDO]],Original!$AT$1:$AY$46,2,FALSE) -> Nicole Lizarazo | E4: =VLOOKUP(Tabla1[[#This Row],[ID_PARTIDO]],Original!$AT$1:$AY$46,3,FALSE) -> Valentina Alejandra Lopez Romero | F4: =VLOOKUP(Tabla1[[#This Row],[ID_PARTIDO]],Original!$AT$1:$AY$46,4,FALSE) -> Luis Jorge Garcia Camargo | G4: =VLOOKUP(Tabla1[[#This Row],[ID_PARTIDO]],Original!$AT$1:$AY$46,5,FALSE) -> Nikol sofia avendaño | H4: IZQUIERDA | I4: DERECHA | J4: IZQUIERDA | K4: DERECHA | L4: 0 | M4: 1
A5: 27 | B5: 1 | C5: 4 | D5: =VLOOKUP(Tabla1[[#This Row],[ID_PARTIDO]],Original!$AT$1:$AY$46,2,FALSE) -> Nicole Lizarazo | E5: =VLOOKUP(Tabla1[[#This Row],[ID_PARTIDO]],Original!$AT$1:$AY$46,3,FALSE) -> Valentina Alejandra Lopez Romero | F5: =VLOOKUP(Tabla1[[#This Row],[ID_PARTIDO]],Original!$AT$1:$AY$46,4,FALSE) -> Luis Jorge Garcia Camargo | G5: =VLOOKUP(Tabla1[[#This Row],[ID_PARTIDO]],Original!$AT$1:$AY$46,5,FALSE) -> Nikol sofia avendaño | H5: IZQUIERDA | I5: DERECHA | J5: IZQUIERDA | K5: DERECHA | L5: 1 | M5: 0
A6: 27 | B6: 1 | C6: 5 | D6: =VLOOKUP(Tabla1[[#This Row],[ID_PARTIDO]],Original!$AT$1:$AY$46,2,FALSE) -> Nicole Lizarazo | E6: =VLOOKUP(Tabla1[[#This Row],[ID_PARTIDO]],Original!$AT$1:$AY$46,3,FALSE) -> Valentina Alejandra Lopez Romero | F6: =VLOOKUP(Tabla1[[#This Row],[ID_PARTIDO]],Original!$AT$1:$AY$46,4,FALSE) -> Luis Jorge Garcia Camargo | G6: =VLOOKUP(Tabla1[[#This Row],[ID_PARTIDO]],Original!$AT$1:$AY$46,5,FALSE) -> Nikol sofia avendaño | H6: IZQUIERDA | I6: DERECHA | J6: IZQUIERDA | K6: DERECHA | L6: 0 | M6: 1
A7: 27 | B7: 1 | C7: 6 | D7: =VLOOKUP(Tabla1[[#This Row],[ID_PARTIDO]],Original!$AT$1:$AY$46,2,FALSE) -> Nicole Lizarazo | E7: =VLOOKUP(Tabla1[[#This Row],[ID_PARTIDO]],Original!$AT$1:$AY$46,3,FALSE) -> Valentina Alejandra Lopez Romero | F7: =VLOOKUP(Tabla1[[#This Row],[ID_PARTIDO]],Original!$AT$1:$AY$46,4,FALSE) -> Luis Jorge Garcia Camargo | G7: =VLOOKUP(Tabla1[[#This Row],[ID_PARTIDO]],Original!$AT$1:$AY$46,5,FALSE) -> Nikol sofia avendaño | H7: IZQUIERDA | I7: DERECHA | J7: IZQUIERDA | K7: DERECHA | L7: 1 | M7: 0
A8: 27 | B8: 1 | C8: 7 | D8: =VLOOKUP(Tabla1[[#This Row],[ID_PARTIDO]],Original!$AT$1:$AY$46,2,FALSE) -> Nicole Lizarazo | E8: =VLOOKUP(Tabla1[[#This Row],[ID_PARTIDO]],Original!$AT$1:$AY$46,3,FALSE) -> Valentina Alejandra Lopez Romero | F8: =VLOOKUP(Tabla1[[#This Row],[ID_PARTIDO]],Original!$AT$1:$AY$46,4,FALSE) -> Luis Jorge Garcia Camargo | G8: =VLOOKUP(Tabla1[[#This Row],[ID_PARTIDO]],Original!$AT$1:$AY$46,5,FALSE) -> Nikol sofia avendaño | H8: IZQUIERDA | I8: DERECHA | J8: IZQUIERDA | K8: DERECHA | L8: 0 | M8: 1
A9: 27 | B9: 1 | C9: 8 | D9: =VLOOKUP(Tabla1[[#This Row],[ID_PARTIDO]],Original!$AT$1:$AY$46,2,FALSE) -> Nicole Lizarazo | E9: =VLOOKUP(Tabla1[[#This Row],[ID_PARTIDO]],Original!$AT$1:$AY$46,3,FALSE) -> Valentina Alejandra Lopez Romero | F9: =VLOOKUP(Tabla1[[#This Row],[ID_PARTIDO]],Original!$AT$1:$AY$46,4,FALSE) -> Luis Jorge Garcia Camargo | G9: =VLOOKUP(Tabla1[[#This Row],[ID_PARTIDO]],Original!$AT$1:$AY$46,5,FALSE) -> Nikol sofia avendaño | H9: IZQUIERDA | I9: DERECHA | J9: IZQUIERDA | K9: DERECHA | L9: 1 | M9: 0
A10: 27 | B10: 1 | C10: 9 | D10: =VLOOKUP(Tabla1[[#This Row],[ID_PARTIDO]],Original!$AT$1:$AY$46,2,FALSE) -> Nicole Lizarazo | E10: =VLOOKUP(Tabla1[[#This Row],[ID_PARTIDO]],Original!$AT$1:$AY$46,3,FALSE) -> Valentina Alejandra Lopez Romero | F10: =VLOOKUP(Tabla1[[#This Row],[ID_PARTIDO]],Original!$AT$1:$AY$46,4,FALSE) -> Luis Jorge Garcia Camargo | G10: =VLOOKUP(Tabla1[[#This Row],[ID_PARTIDO]],Original!$AT$1:$AY$46,5,FALSE) -> Nikol sofia avendaño | H10: IZQUIERDA | I10: DERECHA | J10: IZQUIERDA | K10: DERECHA | L10: 0 | M10: 1
A11: 27 | B11: 1 | C11: 10 | D11: =VLOOKUP(Tabla1[[#This Row],[ID_PARTIDO]],Original!$AT$1:$AY$46,2,FALSE) -> Nicole Lizarazo | E11: =VLOOKUP(Tabla1[[#This Row],[ID_PARTIDO]],Original!$AT$1:$AY$46,3,FALSE) -> Valentina Alejandra Lopez Romero | F11: =VLOOKUP(Tabla1[[#This Row],[ID_PARTIDO]],Original!$AT$1:$AY$46,4,FALSE) -> Luis Jorge Garcia Camargo | G11: =VLOOKUP(Tabla1[[#This Row],[ID_PARTIDO]],Original!$AT$1:$AY$46,5,FALSE) -> Nikol sofia avendaño | H11: IZQUIERDA | I11: DERECHA | J11: IZQUIERDA | K11: DERECHA | L11: 1 | M11: 0
A12: 27 | B12: 1 | C12: 11 | D12: =VLOOKUP(Tabla1[[#This Row],[ID_PARTIDO]],Original!$AT$1:$AY$46,2,FALSE) -> Nicole Lizarazo | E12: =VLOOKUP(Tabla1[[#This Row],[ID_PARTIDO]],Original!$AT$1:$AY$46,3,FALSE) -> Valentina Alejandra Lopez Romero | F12: =VLOOKUP(Tabla1[[#This Row],[ID_PARTIDO]],Original!$AT$1:$AY$46,4,FALSE) -> Luis Jorge Garcia Camargo | G12: =VLOOKUP(Tabla1[[#This Row],[ID_PARTIDO]],Original!$AT$1:$AY$46,5,FALSE) -> Nikol sofia avendaño | H12: IZQUIERDA | I12: DERECHA | J12: IZQUIERDA | K12: DERECHA | L12: 1 | M12: 0
A13: 27 | B13: 1 | C13: 12 | D13: =VLOOKUP(Tabla1[[#This Row],[ID_PARTIDO]],Original!$AT$1:$AY$46,2,FALSE) -> Nicole Lizarazo | E13: =VLOOKUP(Tabla1[[#This Row],[ID_PARTIDO]],Original!$AT$1:$AY$46,3,FALSE) -> Valentina Alejandra Lopez Romero | F13: =VLOOKUP(Tabla1[[#This Row],[ID_PARTIDO]],Original!$AT$1:$AY$46,4,FALSE) -> Luis Jorge Garcia Camargo | G13: =VLOOKUP(Tabla1[[#This Row],[ID_PARTIDO]],Original!$AT$1:$AY$46,5,FALSE) -> Nikol sofia avendaño | H13: IZQUIERDA | I13: DERECHA | J13: IZQUIERDA | K13: DERECHA | L13: 1 | M13: 0
... A25: 3 | B25: 1 | C25: 12 | D25: =VLOOKUP(Tabla1[[#This Row],[ID_PARTIDO]],Original!$AT$1:$AY$46,2,FALSE) -> María José Cifuentes | E25: =VLOOKUP(Tabla1[[#This Row],[ID_PARTIDO]],Original!$AT$1:$AY$46,3,FALSE) -> Santiago Urrego Rodríguez | F25: =VLOOKUP(Tabla1[[#This Row],[ID_PARTIDO]],Original!$AT$1:$AY$46,4,FALSE) -> Jonatan Nicolas Marmolejo Lopez | G25: =VLOOKUP(Tabla1[[#This Row],[ID_PARTIDO]],Original!$AT$1:$AY$46,5,FALSE) -> Fermin Alejandro Escalona Guillen | H25: DERECHA | I25: IZQUIERDA | J25: IZQUIERDA | K25: DERECHA | L25: 0 | M25: 1
A26: 9 | B26: 1 | C26: 1 | D26: =VLOOKUP(Tabla1[[#This Row],[ID_PARTIDO]],Original!$AT$1:$AY$46,2,FALSE) -> Santiago Gutiérrez de Piñeres Barbosa | E26: =VLOOKUP(Tabla1[[#This Row],[ID_PARTIDO]],Original!$AT$1:$AY$46,3,FALSE) -> Santiago Peña Beltran | F26: =VLOOKUP(Tabla1[[#This Row],[ID_PARTIDO]],Original!$AT$1:$AY$46,4,FALSE) -> Tomas Barrios Guevara | G26: =VLOOKUP(Tabla1[[#This Row],[ID_PARTIDO]],Original!$AT$1:$AY$46,5,FALSE) -> César Camilo Díaz Cufiño | H26: IZQUIERDA | I26: DERECHA | J26: IZQUIERDA | K26: DERECHA | L26: | | M26: 0
A27: 9 | B27: 1 | C27: 2 | D27: =VLOOKUP(Tabla1[[#This Row],[ID_PARTIDO]],Original!$AT$1:$AY$46,2,FALSE) -> Santiago Gutiérrez de Piñeres Barbosa | E27: =VLOOKUP(Tabla1[[#This Row],[ID_PARTIDO]],Original!$AT$1:$AY$46,3,FALSE) -> Santiago Peña Beltran | F27: =VLOOKUP(Tabla1[[#This Row],[ID_PARTIDO]],Original!$AT$1:$AY$46,4,FALSE) -> Tomas Barrios Guevara | G27: =VLOOKUP(Tabla1[[#This Row],[ID_PARTIDO]],Original!$AT$1:$AY$46,5,FALSE) -> César Camilo Díaz Cufiño | H27: IZQUIERDA | I27: DERECHA | J27: IZQUIERDA | K27: DERECHA | L27: 0 | M27: 1
A28: 9 | B28: 1 | C28: 3 | D28: =VLOOKUP(Tabla1[[#This Row],[ID_PARTIDO]],Original!$AT$1:$AY$46,2,FALSE) -> Santiago Gutiérrez de Piñeres Barbosa | E28: =VLOOKUP(Tabla1[[#This Row],[ID_PARTIDO]],Original!$AT$1:$AY$46,3,FALSE) -> Santiago Peña Beltran | F28: =VLOOKUP(Tabla1[[#This Row],[ID_PARTIDO]],Original!$AT$1:$AY$46,4,FALSE) -> Tomas Barrios Guevara | G28: =VLOOKUP(Tabla1[[#This Row],[ID_PARTIDO]],Original!$AT$1:$AY$46,5,FALSE) -> César Camilo Díaz Cufiño | H28: IZQUIERDA | I28: DERECHA | J28: IZQUIERDA | K28: DERECHA | L28: 1 | M28: 0
A29: 9 | B29: 1 | C29: 4 | D29: =VLOOKUP(Tabla1[[#This Row],[ID_PARTIDO]],Original!$AT$1:$AY$46,2,FALSE) -> Santiago Gutiérrez de Piñeres Barbosa | E29: =VLOOKUP(Tabla1[[#This Row],[ID_PARTIDO]],Original!$AT$1:$AY$46,3,FALSE) -> Santiago Peña Beltran | F29: =VLOOKUP(Tabla1[[#This Row],[ID_PARTIDO]],Original!$AT$1:$AY$46,4,FALSE) -> Tomas Barrios Guevara | G29: =VLOOKUP(Tabla1[[#This Row],[ID_PARTIDO]],Original!$AT$1:$AY$46,5,FALSE) -> César Camilo Díaz Cufiño | H29: IZQUIERDA | I29: DERECHA | J29: IZQUIERDA | K29: DERECHA | L29: 0 | M29: 1
A30: 9 | B30: 1 | C30: 5 | D30: =VLOOKUP(Tabla1[[#This Row],[ID_PARTIDO]],Original!$AT$1:$AY$46,2,FALSE) -> Santiago Gutiérrez de Piñeres Barbosa | E30: =VLOOKUP(Tabla1[[#This Row],[ID_PARTIDO]],Original!$AT$1:$AY$46,3,FALSE) -> Santiago Peña Beltran | F30: =VLOOKUP(Tabla1[[#This Row],[ID_PARTIDO]],Original!$AT$1:$AY$46,4,FALSE) -> Tomas Barrios Guevara | G30: =VLOOKUP(Tabla1[[#This Row],[ID_PARTIDO]],Original!$AT$1:$AY$46,5,FALSE) -> César Camilo Díaz Cufiño | H30: IZQUIERDA | I30: DERECHA | J30: IZQUIERDA | K30: DERECHA | L30: 1 | M30: 0
A31: 9 | B31: 1 | C31: 6 | D31: =VLOOKUP(Tabla1[[#This Row],[ID_PARTIDO]],Original!$AT$1:$AY$46,2,FALSE) -> Santiago Gutiérrez de Piñeres Barbosa | E31: =VLOOKUP(Tabla1[[#This Row],[ID_PARTIDO]],Original!$AT$1:$AY$46,3,FALSE) -> Santiago Peña Beltran | F31: =VLOOKUP(Tabla1[[#This Row],[ID_PARTIDO]],Original!$AT$1:$AY$46,4,FALSE) -> Tomas Barrios Guevara | G31: =VLOOKUP(Tabla1[[#This Row],[ID_PARTIDO]],Original!$AT$1:$AY$46,5,FALSE) -> César Camilo Díaz Cufiño | H31: IZQUIERDA | I31: DERECHA | J31: IZQUIERDA | K31: DERECHA | L31: 0 | M31: 1
A32: 9 | B32: 1 | C32: 7 | D32: =VLOOKUP(Tabla1[[#This Row],[ID_PARTIDO]],Original!$AT$1:$AY$46,2,FALSE) -> Santiago Gutiérrez de Piñeres Barbosa | E32: =VLOOKUP(Tabla1[[#This Row],[ID_PARTIDO]],Original!$AT$1:$AY$46,3,FALSE) -> Santiago Peña Beltran | F32: =VLOOKUP(Tabla1[[#This Row],[ID_PARTIDO]],Original!$AT$1:$AY$46,4,FALSE) -> Tomas Barrios Guevara | G32: =VLOOKUP(Tabla1[[#This Row],[ID_PARTIDO]],Original!$AT$1:$AY$46,5,FALSE) -> César Camilo Díaz Cufiño | H32: IZQUIERDA | I32: DERECHA | J32: IZQUIERDA | K32: DERECHA | L32: 1 | M32: 0
A33: 9 | B33: 1 | C33: 8 | D33: =VLOOKUP(Tabla1[[#This Row],[ID_PARTIDO]],Original!$AT$1:$AY$46,2,FALSE) -> Santiago Gutiérrez de Piñeres Barbosa | E33: =VLOOKUP(Tabla1[[#This Row],[ID_PARTIDO]],Original!$AT$1:$AY$46,3,FALSE) -> Santiago Peña Beltran | F33: =VLOOKUP(Tabla1[[#This Row],[ID_PARTIDO]],Original!$AT$1:$AY$46,4,FALSE) -> Tomas Barrios Guevara | G33: =VLOOKUP(Tabla1[[#This Row],[ID_PARTIDO]],Original!$AT$1:$AY$46,5,FALSE) -> César Camilo Díaz Cufiño | H33: IZQUIERDA | I33: DERECHA | J33: IZQUIERDA | K33: DERECHA | L33: 1 | M33: 0
A34: 9 | B34: 1 | C34: 9 | D34: =VLOOKUP(Tabla1[[#This Row],[ID_PARTIDO]],Original!$AT$1:$AY$46,2,FALSE) -> Santiago Gutiérrez de Piñeres Barbosa | E34: =VLOOKUP(Tabla1[[#This Row],[ID_PARTIDO]],Original!$AT$1:$AY$46,3,FALSE) -> Santiago Peña Beltran | F34: =VLOOKUP(Tabla1[[#This Row],[ID_PARTIDO]],Original!$AT$1:$AY$46,4,FALSE) -> Tomas Barrios Guevara | G34: =VLOOKUP(Tabla1[[#This Row],[ID_PARTIDO]],Original!$AT$1:$AY$46,5,FALSE) -> César Camilo Díaz Cufiño | H34: IZQUIERDA | I34: DERECHA | J34: IZQUIERDA | K34: DERECHA | L34: 1 | M34: 0
A35: 9 | B35: 1 | C35: 10 | D35: =VLOOKUP(Tabla1[[#This Row],[ID_PARTIDO]],Original!$AT$1:$AY$46,2,FALSE) -> Santiago Gutiérrez de Piñeres Barbosa | E35: =VLOOKUP(Tabla1[[#This Row],[ID_PARTIDO]],Original!$AT$1:$AY$46,3,FALSE) -> Santiago Peña Beltran | F35: =VLOOKUP(Tabla1[[#This Row],[ID_PARTIDO]],Original!$AT$1:$AY$46,4,FALSE) -> Tomas Barrios Guevara | G35: =VLOOKUP(Tabla1[[#This Row],[ID_PARTIDO]],Original!$AT$1:$AY$46,5,FALSE) -> César Camilo Díaz Cufiño | H35: IZQUIERDA | I35: DERECHA | J35: IZQUIERDA | K35: DERECHA | L35: 0 | M35: 1
A36: 9 | B36: 1 | C36: 11 | D36: =VLOOKUP(Tabla1[[#This Row],[ID_PARTIDO]],Original!$AT$1:$AY$46,2,FALSE) -> Santiago Gutiérrez de Piñeres Barbosa | E36: =VLOOKUP(Tabla1[[#This Row],[ID_PARTIDO]],Original!$AT$1:$AY$46,3,FALSE) -> Santiago Peña Beltran | F36: =VLOOKUP(Tabla1[[#This Row],[ID_PARTIDO]],Original!$AT$1:$AY$46,4,FALSE) -> Tomas Barrios Guevara | G36: =VLOOKUP(Tabla1[[#This Row],[ID_PARTIDO]],Original!$AT$1:$AY$46,5,FALSE) -> César Camilo Díaz Cufiño | H36: IZQUIERDA | I36: DERECHA | J36: IZQUIERDA | K36: DERECHA | L36: 0 | M36: 1
A37: 9 | B37: 1 | C37: 12 | D37: =VLOOKUP(Tabla1[[#This Row],[ID_PARTIDO]],Original!$AT$1:$AY$46,2,FALSE) -> Santiago Gutiérrez de Piñeres Barbosa | E37: =VLOOKUP(Tabla1[[#This Row],[ID_PARTIDO]],Original!$AT$1:$AY$46,3,FALSE) -> Santiago Peña Beltran | F37: =VLOOKUP(Tabla1[[#This Row],[ID_PARTIDO]],Original!$AT$1:$AY$46,4,FALSE) -> Tomas Barrios Guevara | G37: =VLOOKUP(Tabla1[[#This Row],[ID_PARTIDO]],Original!$AT$1:$AY$46,5,FALSE) -> César Camilo Díaz Cufiño | H37: IZQUIERDA | I37: DERECHA | J37: IZQUIERDA | K37: DERECHA | L37: 1 | M37: 0
A38: 29 | B38: 1 | C38: 1 | D38: =VLOOKUP(Tabla1[[#This Row],[ID_PARTIDO]],Original!$AT$1:$AY$46,2,FALSE) -> Andrea Julieth Sosa Rodriguez | E38: =VLOOKUP(Tabla1[[#This Row],[ID_PARTIDO]],Original!$AT$1:$AY$46,3,FALSE) -> Nicole Lizarazo | F38: =VLOOKUP(Tabla1[[#This Row],[ID_PARTIDO]],Original!$AT$1:$AY$46,4,FALSE) -> Valentina Jimenez Gomez | G38: =VLOOKUP(Tabla1[[#This Row],[ID_PARTIDO]],Original!$AT$1:$AY$46,5,FALSE) -> Luis Jorge Garcia Camargo | H38: DERECHA | I38: IZQUIERDA | J38: IZQUIERDA | K38: DERECHA | L38: 1 | M38: 0
... A49: 29 | B49: 1 | C49: 12 | D49: =VLOOKUP(Tabla1[[#This Row],[ID_PARTIDO]],Original!$AT$1:$AY$46,2,FALSE) -> Andrea Julieth Sosa Rodriguez | E49: =VLOOKUP(Tabla1[[#This Row],[ID_PARTIDO]],Original!$AT$1:$AY$46,3,FALSE) -> Nicole Lizarazo | F49: =VLOOKUP(Tabla1[[#This Row],[ID_PARTIDO]],Original!$AT$1:$AY$46,4,FALSE) -> Valentina Jimenez Gomez | G49: =VLOOKUP(Tabla1[[#This Row],[ID_PARTIDO]],Original!$AT$1:$AY$46,5,FALSE) -> Luis Jorge Garcia Camargo | H49: DERECHA | I49: IZQUIERDA | J49: IZQUIERDA | K49: DERECHA | L49: 1 | M49: 0
A50: 37 | B50: 1 | C50: 1 | D50: Jaime Andres Castillo Alvarez | E50: Nicolas Navarro | F50: Nicole Lizarazo | G50: Juan Pablo Benitez Bernal | H50: IZQUIERDA | I50: DERECHA | J50: DERECHA | K50: IZQUIERDA | L50: 0 | M50: 1
A51: 37 | B51: 1 | C51: 2 | D51: Jaime Andres Castillo Alvarez | E51: Nicolas Navarro | F51: Nicole Lizarazo | G51: Juan Pablo Benitez Bernal | H51: IZQUIERDA | I51: DERECHA | J51: DERECHA | K51: IZQUIERDA | L51: 1 | M51: 0
A52: 37 | B52: 1 | C52: 3 | D52: Jaime Andres Castillo Alvarez | E52: Nicolas Navarro | F52: Nicole Lizarazo | G52: Juan Pablo Benitez Bernal | H52: IZQUIERDA | I52: DERECHA | J52: DERECHA | K52: IZQUIERDA | L52: 0 | M52: 1
A53: 37 | B53: 1 | C53: 4 | D53: Jaime Andres Castillo Alvarez | E53: Nicolas Navarro | F53: Nicole Lizarazo | G53: Juan Pablo Benitez Bernal | H53: IZQUIERDA | I53: DERECHA | J53: DERECHA | K53: IZQUIERDA | L53: 0 | M53: 1
A54: 37 | B54: 1 | C54: 5 | D54: Jaime Andres Castillo Alvarez | E54: Nicolas Navarro | F54: Nicole Lizarazo | G54: Juan Pablo Benitez Bernal | H54: IZQUIERDA | I54: DERECHA | J54: DERECHA | K54: IZQUIERDA | L54: 0 | M54: 1
A55: 37 | B55: 1 | C55: 6 | D55: Jaime Andres Castillo Alvarez | E55: Nicolas Navarro | F55: Nicole Lizarazo | G55: Juan Pablo Benitez Bernal | H55: IZQUIERDA | I55: DERECHA | J55: DERECHA | K55: IZQUIERDA | L55: 1 | M55: 0
A56: 37 | B56: 1 | C56: 7 | D56: Jaime Andres Castillo Alvarez | E56: Nicolas Navarro | F56: Nicole Lizarazo | G56: Juan Pablo Benitez Bernal | H56: IZQUIERDA | I56: DERECHA | J56: DERECHA | K56: IZQUIERDA | L56: 0 | M56: 1
A57: 37 | B57: 1 | C57: 8 | D57: Jaime Andres Castillo Alvarez | E57: Nicolas Navarro | F57: Nicole Lizarazo | G57: Juan Pablo Benitez Bernal | H57: IZQUIERDA | I57: DERECHA | J57: DERECHA | K57: IZQUIERDA | L57: 1 | M57: 0
A58: 37 | B58: 1 | C58: 9 | D58: Jaime Andres Castillo Alvarez | E58: Nicolas Navarro | F58: Nicole Lizarazo | G58: Juan Pablo Benitez Bernal | H58: IZQUIERDA | I58: DERECHA | J58: DERECHA | K58: IZQUIERDA | L58: 1 | M58: 0
A59: 37 | B59: 1 | C59: 10 | D59: Jaime Andres Castillo Alvarez | E59: Nicolas Navarro | F59: Nicole Lizarazo | G59: Juan Pablo Benitez Bernal | H59: IZQUIERDA | I59: DERECHA | J59: DERECHA | K59: IZQUIERDA | L59: 0 | M59: 1
A60: 37 | B60: 1 | C60: 11 | D60: Jaime Andres Castillo Alvarez | E60: Nicolas Navarro | F60: Nicole Lizarazo | G60: Juan Pablo Benitez Bernal | H60: IZQUIERDA | I60: DERECHA | J60: DERECHA | K60: IZQUIERDA | L60: 0 | M60: 1
A61: 23 | B61: 1 | C61: 1 | D61: =VLOOKUP(Tabla1[[#This Row],[ID_PARTIDO]],Original!$AT$1:$AY$46,2,FALSE) -> Jaime Andres Castillo Alvarez | E61: =VLOOKUP(Tabla1[[#This Row],[ID_PARTIDO]],Original!$AT$1:$AY$46,3,FALSE) -> maria jose martinez villabona | F61: =VLOOKUP(Tabla1[[#This Row],[ID_PARTIDO]],Original!$AT$1:$AY$46,4,FALSE) -> Samuel Andrés Rodríguez Ulloa | G61: =VLOOKUP(Tabla1[[#This Row],[ID_PARTIDO]],Original!$AT$1:$AY$46,5,FALSE) -> Andrea Julieth Sosa Rodriguez | H61: DERECHA | I61: IZQUIERDA | J61: DERECHA | K61: IZQUIERDA | L61: 0 | M61: 1
A62: 23 | B62: 1 | C62: 2 | D62: =VLOOKUP(Tabla1[[#This Row],[ID_PARTIDO]],Original!$AT$1:$AY$46,2,FALSE) -> Jaime Andres Castillo Alvarez | E62: =VLOOKUP(Tabla1[[#This Row],[ID_PARTIDO]],Original!$AT$1:$AY$46,3,FALSE) -> maria jose martinez villabona | F62: =VLOOKUP(Tabla1[[#This Row],[ID_PARTIDO]],Original!$AT$1:$AY$46,4,FALSE) -> Samuel Andrés Rodríguez Ulloa | G62: =VLOOKUP(Tabla1[[#This Row],[ID_PARTIDO]],Original!$AT$1:$AY$46,5,FALSE) -> Andrea Julieth Sosa Rodriguez | H62: DERECHA | I62: IZQUIERDA | J62: DERECHA | K62: IZQUIERDA | L62: 1 | M62: 0
A63: 23 | B63: 1 | C63: 3 | D63: =VLOOKUP(Tabla1[[#This Row],[ID_PARTIDO]],Original!$AT$1:$AY$46,2,FALSE) -> Jaime Andres Castillo Alvarez | E63: =VLOOKUP(Tabla1[[#This Row],[ID_PARTIDO]],Original!$AT$1:$AY$46,3,FALSE) -> maria jose martinez villabona | F63: =VLOOKUP(Tabla1[[#This Row],[ID_PARTIDO]],Original!$AT$1:$AY$46,4,FALSE) -> Samuel Andrés Rodríguez Ulloa | G63: =VLOOKUP(Tabla1[[#This Row],[ID_PARTIDO]],Original!$AT$1:$AY$46,5,FALSE) -> Andrea Julieth Sosa Rodriguez | H63: DERECHA | I63: IZQUIERDA | J63: DERECHA | K63: IZQUIERDA | L63: 0 | M63: 1
A64: 23 | B64: 1 | C64: 4 | D64: =VLOOKUP(Tabla1[[#This Row],[ID_PARTIDO]],Original!$AT$1:$AY$46,2,FALSE) -> Jaime Andres Castillo Alvarez | E64: =VLOOKUP(Tabla1[[#This Row],[ID_PARTIDO]],Original!$AT$1:$AY$46,3,FALSE) -> maria jose martinez villabona | F64: =VLOOKUP(Tabla1[[#This Row],[ID_PARTIDO]],Original!$AT$1:$AY$46,4,FALSE) -> Samuel Andrés Rodríguez Ulloa | G64: =VLOOKUP(Tabla1[[#This Row],[ID_PARTIDO]],Original!$AT$1:$AY$46,5,FALSE) -> Andrea Julieth Sosa Rodriguez | H64: DERECHA | I64: IZQUIERDA | J64: DERECHA | K64: IZQUIERDA | L64: 1 | M64: 0
A65: 23 | B65: 1 | C65: 5 | D65: =VLOOKUP(Tabla1[[#This Row],[ID_PARTIDO]],Original!$AT$1:$AY$46,2,FALSE) -> Jaime Andres Castillo Alvarez | E65: =VLOOKUP(Tabla1[[#This Row],[ID_PARTIDO]],Original!$AT$1:$AY$46,3,FALSE) -> maria jose martinez villabona | F65: =VLOOKUP(Tabla1[[#This Row],[ID_PARTIDO]],Original!$AT$1:$AY$46,4,FALSE) -> Samuel Andrés Rodríguez Ulloa | G65: =VLOOKUP(Tabla1[[#This Row],[ID_PARTIDO]],Original!$AT$1:$AY$46,5,FALSE) -> Andrea Julieth Sosa Rodriguez | H65: DERECHA | I65: IZQUIERDA | J65: DERECHA | K65: IZQUIERDA | L65: 1 | M65: 0
A66: 23 | B66: 1 | C66: 6 | D66: =VLOOKUP(Tabla1[[#This Row],[ID_PARTIDO]],Original!$AT$1:$AY$46,2,FALSE) -> Jaime Andres Castillo Alvarez | E66: =VLOOKUP(Tabla1[[#This Row],[ID_PARTIDO]],Original!$AT$1:$AY$46,3,FALSE) -> maria jose martinez villabona | F66: =VLOOKUP(Tabla1[[#This Row],[ID_PARTIDO]],Original!$AT$1:$AY$46,4,FALSE) -> Samuel Andrés Rodríguez Ulloa | G66: =VLOOKUP(Tabla1[[#This Row],[ID_PARTIDO]],Original!$AT$1:$AY$46,5,FALSE) -> Andrea Julieth Sosa Rodriguez | H66: DERECHA | I66: IZQUIERDA | J66: DERECHA | K66: IZQUIERDA | L66: 0 | M66: 1
A67: 23 | B67: 1 | C67: 7 | D67: =VLOOKUP(Tabla1[[#This Row],[ID_PARTIDO]],Original!$AT$1:$AY$46,2,FALSE) -> Jaime Andres Castillo Alvarez | E67: =VLOOKUP(Tabla1[[#This Row],[ID_PARTIDO]],Original!$AT$1:$AY$46,3,FALSE) -> maria jose martinez villabona | F67: =VLOOKUP(Tabla1[[#This Row],[ID_PARTIDO]],Original!$AT$1:$AY$46,4,FALSE) -> Samuel Andrés Rodríguez Ulloa | G67: =VLOOKUP(Tabla1[[#This Row],[ID_PARTIDO]],Original!$AT$1:$AY$46,5,FALSE) -> Andrea Julieth Sosa Rodriguez | H67: DERECHA | I67: IZQUIERDA | J67: DERECHA | K67: IZQUIERDA | L67: 0 | M67: 1
A68: 23 | B68: 1 | C68: 8 | D68: =VLOOKUP(Tabla1[[#This Row],[ID_PARTIDO]],Original!$AT$1:$AY$46,2,FALSE) -> Jaime Andres Castillo Alvarez | E68: =VLOOKUP(Tabla1[[#This Row],[ID_PARTIDO]],Original!$AT$1:$AY$46,3,FALSE) -> maria jose martinez villabona | F68: =VLOOKUP(Tabla1[[#This Row],[ID_PARTIDO]],Original!$AT$1:$AY$46,4,FALSE) -> Samuel Andrés Rodríguez Ulloa | G68: =VLOOKUP(Tabla1[[#This Row],[ID_PARTIDO]],Original!$AT$1:$AY$46,5,FALSE) -> Andrea Julieth Sosa Rodriguez | H68: DERECHA | I68: IZQUIERDA | J68: DERECHA | K68: IZQUIERDA | L68: 1 | M68: 0
A69: 23 | B69: 1 | C69: 9 | D69: =VLOOKUP(Tabla1[[#This Row],[ID_PARTIDO]],Original!$AT$1:$AY$46,2,FALSE) -> Jaime Andres Castillo Alvarez | E69: =VLOOKUP(Tabla1[[#This Row],[ID_PARTIDO]],Original!$AT$1:$AY$46,3,FALSE) -> maria jose martinez villabona | F69: =VLOOKUP(Tabla1[[#This Row],[ID_PARTIDO]],Original!$AT$1:$AY$46,4,FALSE) -> Samuel Andrés Rodríguez Ulloa | G69: =VLOOKUP(Tabla1[[#This Row],[ID_PARTIDO]],Original!$AT$1:$AY$46,5,FALSE) -> Andrea Julieth Sosa Rodriguez | H69: DERECHA | I69: IZQUIERDA | J69: DERECHA | K69: IZQUIERDA | L69: 0 | M69: 1
A70: 23 | B70: 1 | C70: 10 | D70: =VLOOKUP(Tabla1[[#This Row],[ID_PARTIDO]],Original!$AT$1:$AY$46,2,FALSE) -> Jaime Andres Castillo Alvarez | E70: =VLOOKUP(Tabla1[[#This Row],[ID_PARTIDO]],Original!$AT$1:$AY$46,3,FALSE) -> maria jose martinez villabona | F70: =VLOOKUP(Tabla1[[#This Row],[ID_PARTIDO]],Original!$AT$1:$AY$46,4,FALSE) -> Samuel Andrés Rodríguez Ulloa | G70: =VLOOKUP(Tabla1[[#This Row],[ID_PARTIDO]],Original!$AT$1:$AY$46,5,FALSE) -> Andrea Julieth Sosa Rodriguez | H70: DERECHA | I70: IZQUIERDA | J70: DERECHA | K70: IZQUIERDA | L70: 1 | M70: 0
A71: 23 | B71: 1 | C71: 11 | D71: =VLOOKUP(Tabla1[[#This Row],[ID_PARTIDO]],Original!$AT$1:$AY$46,2,FALSE) -> Jaime Andres Castillo Alvarez | E71: =VLOOKUP(Tabla1[[#This Row],[ID_PARTIDO]],Original!$AT$1:$AY$46,3,FALSE) -> maria jose martinez villabona | F71: =VLOOKUP(Tabla1[[#This Row],[ID_PARTIDO]],Original!$AT$1:$AY$46,4,FALSE) -> Samuel Andrés Rodríguez Ulloa | G71: =VLOOKUP(Tabla1[[#This Row],[ID_PARTIDO]],Original!$AT$1:$AY$46,5,FALSE) -> Andrea Julieth Sosa Rodriguez | H71: DERECHA | I71: IZQUIERDA | J71: DERECHA | K71: IZQUIERDA | L71: 1 | M71: 0
A72: 23 | B72: 1 | C72: 12 | D72: =VLOOKUP(Tabla1[[#This Row],[ID_PARTIDO]],Original!$AT$1:$AY$46,2,FALSE) -> Jaime Andres Castillo Alvarez | E72: =VLOOKUP(Tabla1[[#This Row],[ID_PARTIDO]],Original!$AT$1:$AY$46,3,FALSE) -> maria jose martinez villabona | F72: =VLOOKUP(Tabla1[[#This Row],[ID_PARTIDO]],Original!$AT$1:$AY$46,4,FALSE) -> Samuel Andrés Rodríguez Ulloa | G72: =VLOOKUP(Tabla1[[#This Row],[ID_PARTIDO]],Original!$AT$1:$AY$46,5,FALSE) -> Andrea Julieth Sosa Rodriguez | H72: DERECHA | I72: IZQUIERDA | J72: DERECHA | K72: IZQUIERDA | L72: 1 | M72: 0
... A224: 15 | B224: 1 | C224: 13 | D224: =VLOOKUP(Tabla1[[#This Row],[ID_PARTIDO]],Original!$AT$1:$AY$46,2,FALSE) -> Valentina Alejandra Lopez Romero | E224: =VLOOKUP(Tabla1[[#This Row],[ID_PARTIDO]],Original!$AT$1:$AY$46,3,FALSE) -> Cristian Stevan Soto Zapata | F224: =VLOOKUP(Tabla1[[#This Row],[ID_PARTIDO]],Original!$AT$1:$AY$46,4,FALSE) -> Sergio Andrés López Rodríguez | G224: =VLOOKUP(Tabla1[[#This Row],[ID_PARTIDO]],Original!$AT$1:$AY$46,5,FALSE) -> María José Cifuentes | H224: DERECHA | I224: IZQUIERDA | J224: DERECHA | K224: IZQUIERDA | L224: 0 | M224: 1

Sheet Original
A1: # partido | B1: info equipo | D1: puntos | R1: # partido | S1: info equipo | U1: puntos | AK1: Luis Jorge Garcia Camargo | AL1: =_xlfn.CONCAT("'",AK1,"',") -> 'Luis Jorge Garcia Camargo', | AT1: Partido | AU1: Equipo1_Jugador1 | AV1: Equipo1_Jugador2 | AW1: Equipo2_Jugador1 | AX1: Equipo2_Jugador2 | AY1: Cancha
D2: 1 | E2: 2 | F2: 3 | G2: 4 | H2: 5 | I2: 6 | J2: 7 | K2: 8 | L2: 9 | M2: 10 | N2: 11 | O2: 12 | P2: 13 | U2: 1 | V2: 2 | W2: 3 | X2: 4 | Y2: 5 | Z2: 6 | AA2: 7 | AB2: 8 | AC2: 9 | AD2: 10 | AE2: 11 | AF2: 12 | AG2: 13 | AK2: Tomas Barrios Guevara | AL2: =_xlfn.CONCAT("'",AK2,"',") -> 'Tomas Barrios Guevara', | AT2: 1 | AU2: Juan Pablo Aponte Veloza | AV2: Cristian Stevan Soto Zapata | AW2: Carlos Felipe Andrade Sáenz | AX2: Santiago Navarro Cuy | AY2: Cancha 1
A3: partido 1 | B3: Equipo 1 (derecha) | C3: Jugador 1 (Derecha) | R3: partido 1 | S3: Equipo 1 (derecha) | T3: Jugador 1 (Derecha) | AK3: Jaime Andres Castillo Alvarez | AL3: =_xlfn.CONCAT("'",AK3,"',") -> 'Jaime Andres Castillo Alvarez', | AT3: 2 | AU3: Luis Mario Ramirez Muñoz | AV3: Santiago Gutiérrez de Piñeres Barbosa | AW3: Nikol sofia avendaño | AX3: Valentina Jimenez Gomez | AY3: Cancha 2
C4: Jugador 2 (Izquierda) | T4: Jugador 2 (Izquierda) | AK4: Santiago Gutiérrez de Piñeres Barbosa | AL4: =_xlfn.CONCAT("'",AK4,"',") -> 'Santiago Gutiérrez de Piñeres Barbosa ', | AT4: 3 | AU4: María José Cifuentes | AV4: Santiago Urrego Rodríguez | AW4: Jonatan Nicolas Marmolejo Lopez | AX4: Fermin Alejandro Escalona Guillen | AY4: Cancha 1
B5: Equipo 2 (Izquierda) | C5: Jugador 1 (Derecha) | S5: Equipo 2 (Izquierda) | T5: Jugador 1 (Derecha) | AK5: maria jose martinez villabona | AL5: =_xlfn.CONCAT("'",AK5,"',") -> 'maria jose martinez villabona ', | AT5: 4 | AU5: Rafael Andres Salcedo Valdivieso | AV5: Luis Jorge Garcia Camargo | AW5: Santiago Navarro Cuy | AX5: Juan Pablo Aponte Veloza | AY5: Cancha 2
C6: Jugador 2 (Izquierda) | T6: Jugador 2 (Izquierda) | AK6: Luis Mario Ramirez Muñoz | AL6: =_xlfn.CONCAT("'",AK6,"',") -> 'Luis Mario Ramirez Muñoz', | AT6: 5 | AU6: Jorge Enrique Lugo Lopez | AV6: Isabella Buitrago Hurtado | AW6: Daniel Gutierrez | AX6: César Camilo Díaz Cufiño | AY6: Cancha 1
A7: partido 2 | B7: Equipo 1 (derecha) | C7: Jugador 1 (Derecha) | R7: partido 2 | S7: Equipo 1 (derecha) | T7: Jugador 1 (Derecha) | AK7: Santiago Urrego Rodríguez | AL7: =_xlfn.CONCAT("'",AK7,"',") -> 'Santiago Urrego Rodríguez', | AT7: 6 | AU7: Luis Mario Ramirez Muñoz | AV7: Carlos Felipe Andrade Sáenz | AW7: Fermin Alejandro Escalona Guillen | AX7: David Santiago Medina Buitrago | AY7: Cancha 2
C8: Jugador 2 (Izquierda) | T8: Jugador 2 (Izquierda) | AK8: Fermin Alejandro Escalona Guillen | AL8: =_xlfn.CONCAT("'",AK8,"',") -> 'Fermin Alejandro Escalona Guillen', | AT8: 7 | AU8: Jaime Andres Castillo Alvarez | AV8: Daniel Gutierrez | AW8: Tomas Barrios Guevara | AX8: Santiago Navarro Cuy | AY8: Cancha 1
B9: Equipo 2 (Izquierda) | C9: Jugador 1 (Derecha) | S9: Equipo 2 (Izquierda) | T9: Jugador 1 (Derecha) | AK9: David Santiago Medina Buitrago | AL9: =_xlfn.CONCAT("'",AK9,"',") -> 'David Santiago Medina Buitrago', | AT9: 8 | AU9: Samuel Andrés Rodríguez Ulloa | AV9: Sergio Andrés López Rodríguez | AW9: maria jose martinez villabona | AX9: Nicolas Navarro | AY9: Cancha 2
C10: Jugador 2 (Izquierda) | T10: Jugador 2 (Izquierda) | AK10: sara juliana solano boada | AL10: =_xlfn.CONCAT("'",AK10,"',") -> 'sara juliana solano boada', | AT10: 9 | AU10: Santiago Gutiérrez de Piñeres Barbosa | AV10: Santiago Peña Beltran | AW10: Tomas Barrios Guevara | AX10: César Camilo Díaz Cufiño | AY10: Cancha 1
AK11: Carlos Felipe Andrade Sáenz | AL11: =_xlfn.CONCAT("'",AK11,"',") -> 'Carlos Felipe Andrade Sáenz ', | AT11: 10 | AU11: Santiago Urrego Rodríguez | AV11: Maria Fernanda Tamayo Lopez | AW11: maria jose martinez villabona | AX11: Nikol sofia avendaño | AY11: Cancha 2
AK12: Rafael Andres Salcedo Valdivieso | AL12: =_xlfn.CONCAT("'",AK12,"',") -> 'Rafael Andres Salcedo Valdivieso', | AT12: 11 | AU12: Luis Mario Ramirez Muñoz | AV12: Juan Pablo Benitez Bernal | AW12: Isabella Buitrago Hurtado | AX12: Valentina Jimenez Gomez | AY12: Cancha 1
AK13: Sergio Andrés López Rodríguez | AL13: =_xlfn.CONCAT("'",AK13,"',") -> 'Sergio Andrés López Rodríguez ', | AT13: 12 | AU13: Santiago Urrego Rodríguez | AV13: Santiago Peña Beltran | AW13: Luis Jorge Garcia Camargo | AX13: Sergio Andrés López Rodríguez | AY13: Cancha 2
AK14: Jonatan Nicolas Marmolejo Lopez | AL14: =_xlfn.CONCAT("'",AK14,"',") -> 'Jonatan Nicolas Marmolejo Lopez ', | AT14: 13 | AU14: juan miguel venegas garzón | AV14: Fermin Alejandro Escalona Guillen | AW14: Juan Pablo Vargas Jiménez | AX14: Juan Pablo Benitez Bernal | AY14: Cancha 1
AK15: Juan Pablo Aponte Veloza | AL15: =_xlfn.CONCAT("'",AK15,"',") -> 'Juan Pablo Aponte Veloza ', | AT15: 14 | AU15: María José Cifuentes | AV15: Rafael Andres Salcedo Valdivieso | AW15: Luis Mario Ramirez Muñoz | AX15: César Camilo Díaz Cufiño | AY15: Cancha 2
AK16: Isabella Buitrago Hurtado | AL16: =_xlfn.CONCAT("'",AK16,"',") -> 'Isabella Buitrago Hurtado', | AT16: 15 | AU16: Valentina Alejandra Lopez Romero | AV16: Cristian Stevan Soto Zapata | AW16: Sergio Andrés López Rodríguez | AX16: María José Cifuentes | AY16: Cancha 1
AK17: Samuel Andrés Rodríguez Ulloa | AL17: =_xlfn.CONCAT("'",AK17,"',") -> 'Samuel Andrés Rodríguez Ulloa', | AT17: 16 | AU17: Santiago Peña Beltran | AV17: Samuel Andrés Rodríguez Ulloa | AW17: Maria Fernanda Tamayo Lopez | AX17: maria jose martinez villabona | AY17: Cancha 2
AK18: Andrea Julieth Sosa Rodriguez | AL18: =_xlfn.CONCAT("'",AK18,"',") -> 'Andrea Julieth Sosa Rodriguez', | AT18: 17 | AU18: Nikol sofia avendaño | AV18: Fermin Alejandro Escalona Guillen | AW18: Andrea Julieth Sosa Rodriguez | AX18: Juan Pablo Vargas Jiménez | AY18: Cancha 1
AK19: Maria Fernanda Tamayo Lopez | AL19: =_xlfn.CONCAT("'",AK19,"',") -> 'Maria Fernanda Tamayo Lopez', | AT19: 18 | AU19: Juliana Beltrán Díaz | AV19: Jonatan Nicolas Marmolejo Lopez | AW19: Santiago Gutiérrez de Piñeres Barbosa | AX19: Jaime Andres Castillo Alvarez | AY19: Cancha 2
AK20: juan miguel venegas garzón | AL20: =_xlfn.CONCAT("'",AK20,"',") -> 'juan miguel venegas garzón ', | AT20: 19 | AU20: David Santiago Medina Buitrago | AV20: Fermin Alejandro Escalona Guillen | AW20: Carlos Felipe Andrade Sáenz | AX20: María José Cifuentes | AY20: Cancha 1
AK21: Juan Pablo Benitez Bernal | AL21: =_xlfn.CONCAT("'",AK21,"',") -> 'Juan Pablo Benitez Bernal', | AT21: 20 | AU21: Santiago Navarro Cuy | AV21: Juan Pablo Vargas Jiménez | AW21: sara juliana solano boada | AX21: Juan Pablo Aponte Veloza | AY21: Cancha 2
AK22: Valentina Alejandra Lopez Romero | AL22: =_xlfn.CONCAT("'",AK22,"',") -> 'Valentina Alejandra Lopez Romero', | AT22: 21 | AU22: Daniel Gutierrez | AV22: Juan Pablo Aponte Veloza | AW22: Carlos Felipe Andrade Sáenz | AX22: Jorge Enrique Lugo Lopez | AY22: Cancha 1
... AK36: Nicole Lizarazo | AL36: =_xlfn.CONCAT("'",AK36,"',") -> 'Nicole Lizarazo', | AT36: 35 | AU36: Santiago Peña Beltran | AV36: María José Cifuentes | AW36: Nicole Lizarazo | AX36: Jorge Enrique Lugo Lopez | AY36: Cancha 1
AT37: 36 | AU37: David Santiago Murcia Barrera | AV37: Juliana Beltrán Díaz | AW37: Tomas Barrios Guevara | AX37: Rafael Andres Salcedo Valdivieso | AY37: Cancha 2
AT38: 37 | AU38: Nicole Lizarazo | AV38: Juan Pablo Benitez Bernal | AW38: Jaime Andres Castillo Alvarez | AX38: Nicolas Navarro | AY38: Cancha 1
AT39: 38 | AU39: Nicolas Navarro | AV39: sara juliana solano boada | AW39: Santiago Gutiérrez de Piñeres Barbosa | AX39: Jorge Enrique Lugo Lopez | AY39: Cancha 2
AT40: 39 | AU40: Nicolas Navarro | AV40: maria jose martinez villabona | AW40: Maria Fernanda Tamayo Lopez | AX40: Juan Pablo Vargas Jiménez | AY40: Cancha 1
AT41: 40 | AU41: sara juliana solano boada | AV41: Juan Pablo Vargas Jiménez | AW41: Jonatan Nicolas Marmolejo Lopez | AX41: David Santiago Medina Buitrago | AY41: Cancha 2
AT42: 41 | AU42: Valentina Alejandra Lopez Romero | AV42: David Santiago Murcia Barrera | AW42: Nicole Lizarazo | AX42: Cristian Stevan Soto Zapata | AY42: Cancha 1
AT43: 42 | AU43: Sergio Andrés López Rodríguez | AV43: juan miguel venegas garzón | AW43: Cristian Stevan Soto Zapata | AX43: sara juliana solano boada | AY43: Cancha 2
AT44: 43 | AU44: Andrea Julieth Sosa Rodriguez | AV44: David Santiago Murcia Barrera | AW44: juan miguel venegas garzón | AX44: Jonatan Nicolas Marmolejo Lopez | AY44: Cancha 1
AT45: 44 | AU45: Maria Fernanda Tamayo Lopez | AV45: Juan Pablo Aponte Veloza | AW45: Juliana Beltrán Díaz | AX45: Luis Mario Ramirez Muñoz | AY45: Cancha 2
AT46: 45 | AU46: Daniel Gutierrez | AV46: Rafael Andres Salcedo Valdivieso | AW46: Santiago Urrego Rodríguez | AX46: Santiago Peña Beltran | AY46: Cancha 1
