Workbook

Sheet CANCHA_1
A1: ID_PARTIDO | B1: CANCHA | C1: ID_PUNTO | D1: ID_JUGADOR_1_EQUIPO_1 | E1: ID_JUGADOR_2_EQUIPO_1 | F1: ID_JUGADOR_1_EQUIPO_2 | G1: ID_JUGADOR_2_EQUIPO_2 | H1: EQUIPO_1_POSICION | I1: EQUIPO_2_POSICION | J1: POSICION_JUGADOR_1_EQUIPO_1 | K1: POSICION_JUGADOR_2_EQUIPO_1 | L1: POSICION_JUGADOR_1_EQUIPO_2 | M1: POSICION_JUGADOR_2_EQUIPO_2 | N1: PUNTO_EQUIPO_1 | O1: PUNTO_EQUIPO_2
A2: 1 | B2: 1 | C2: 1 | D2: Alejandra Salazar Galeano | E2: Ángel Santiago Toribio Godoy | F2: SANTIAGO PEÑA BELTRAN | G2: Sahily Andrea Herrera Eljadue | H2: BOTTOM | I2: TOP | J2: RIGHT | K2: LEFT | L2: RIGHT | M2: LEFT | N2: 1 | O2: 0
A3: 1 | B3: 1 | C3: 2 | D3: Alejandra Salazar Galeano | E3: Ángel Santiago Toribio Godoy | F3: SANTIAGO PEÑA BELTRAN | G3: Sahily Andrea Herrera Eljadue | H3: BOTTOM | I3: TOP | J3: RIGHT | K3: LEFT | L3: RIGHT | M3: LEFT | N3: 1 | O3: 0
A4: 1 | B4: 1 | C4: 3 | D4: Alejandra Salazar Galeano | E4: Ángel Santiago Toribio Godoy | F4: SANTIAGO PEÑA BELTRAN | G4: Sahily Andrea Herrera Eljadue | H4: BOTTOM | I4: TOP | J4: RIGHT | K4: LEFT | L4: RIGHT | M4: LEFT | N4: 0 | O4: 1
A5: 1 | B5: 1 | C5: 4 | D5: Alejandra Salazar Galeano | E5: Ángel Santiago Toribio Godoy | F5: SANTIAGO PEÑA BELTRAN | G5: Sahily Andrea Herrera Eljadue | H5: BOTTOM | I5: TOP | J5: RIGHT | K5: LEFT | L5: RIGHT | M5: LEFT | N5: 0 | O5: 1
A6: 1 | B6: 1 | C6: 5 | D6: Alejandra Salazar Galeano | E6: Ángel Santiago Toribio Godoy | F6: SANTIAGO PEÑA BELTRAN | G6: Sahily Andrea Herrera Eljadue | H6: BOTTOM | I6: TOP | J6: RIGHT | K6: LEFT | L6: RIGHT | M6: LEFT | N6: 0 | O6: 1
A7: 1 | B7: 1 | C7: 6 | D7: Alejandra Salazar Galeano | E7: Ángel Santiago Toribio Godoy | F7: SANTIAGO PEÑA BELTRAN | G7: Sahily Andrea Herrera Eljadue | H7: BOTTOM | I7: TOP | J7: RIGHT | K7: LEFT | L7: RIGHT | M7: LEFT | N7: 1 | O7: 0
A8: 1 | B8: 1 | C8: 7 | D8: Alejandra Salazar Galeano | E8: Ángel Santiago Toribio Godoy | F8: SANTIAGO PEÑA BELTRAN | G8: Sahily Andrea Herrera Eljadue | H8: BOTTOM | I8: TOP | J8: RIGHT | K8: LEFT | L8: RIGHT | M8: LEFT | N8: 1 | O8: 0
A9: 1 | B9: 1 | C9: 8 | D9: Alejandra Salazar Galeano | E9: Ángel Santiago Toribio Godoy | F9: SANTIAGO PEÑA BELTRAN | G9: Sahily Andrea Herrera Eljadue | H9: BOTTOM | I9: TOP | J9: RIGHT | K9: LEFT | L9: RIGHT | M9: LEFT | N9: 1 | O9: 0
A10: 1 | B10: 1 | C10: 9 | D10: Alejandra Salazar Galeano | E10: Ángel Santiago Toribio Godoy | F10: SANTIAGO PEÑA BELTRAN | G10: Sahily Andrea Herrera Eljadue | H10: BOTTOM | I10: TOP | J10: RIGHT | K10: LEFT | L10: RIGHT | M10: LEFT | N10: 1 | O10: 0
A11: 1 | B11: 1 | C11: 10 | D11: Alejandra Salazar Galeano | E11: Ángel Santiago Toribio Godoy | F11: SANTIAGO PEÑA BELTRAN | G11: Sahily Andrea Herrera Eljadue | H11: BOTTOM | I11: TOP | J11: RIGHT | K11: LEFT | L11: RIGHT | M11: LEFT | N11: 0 | O11: 1
A12: 1 | B12: 1 | C12: 11 | D12: Alejandra Salazar Galeano | E12: Ángel Santiago Toribio Godoy | F12: SANTIAGO PEÑA BELTRAN | G12: Sahily Andrea Herrera Eljadue | H12: BOTTOM | I12: TOP | J12: RIGHT | K12: LEFT | L12: RIGHT | M12: LEFT | N12: 1 | O12: 0
A13: 3 | B13: 1 | C13: 1 | D13: Juan David Rubio | E13: SANTIAGO PEÑA BELTRAN | F13: Alejandra Salazar Galeano | G13: Laura Natalia Garcia | H13: BOTTOM | I13: TOP | J13: RIGHT | K13: LEFT | L13: RIGHT | M13: LEFT | N13: 0 | O13: 1
... A201: 35 | B201: 1 | C201: 12 | D201: Juan David Rubio | E201: Luis Felipe Bonilla Patiño | F201: Laura Natalia Garcia | G201: Ángel Santiago Toribio Godoy | H201: BOTTOM | I201: TOP | J201: RIGHT | K201: LEFT | L201: RIGHT | M201: LEFT | N201: 0 | O201: 1

Sheet CANCHA_2
A1: ID_PARTIDO | B1: CANCHA | C1: ID_PUNTO | D1: ID_JUGADOR_1_EQUIPO_1 | E1: ID_JUGADOR_2_EQUIPO_1 | F1: ID_JUGADOR_1_EQUIPO_2 | G1: ID_JUGADOR_2_EQUIPO_2 | H1: EQUIPO_1_POSICION | I1: EQUIPO_2_POSICION | J1: POSICION_JUGADOR_1_EQUIPO_1 | K1: POSICION_JUGADOR_2_EQUIPO_1 | L1: POSICION_JUGADOR_1_EQUIPO_2 | M1: POSICION_JUGADOR_2_EQUIPO_2 | N1: PUNTO_EQUIPO_1 | O1: PUNTO_EQUIPO_2
A2: 2 | B2: 2 | C2: 1 | D2: Sergio Gomez Osorio | E2: YEISON DAVID NINO ARIAS | F2: Juan Felipe Mahecha | G2: Luis Felipe Cuellar Santamaria | H2: BOTTOM | I2: TOP | J2: RIGHT | K2: LEFT | L2: RIGHT | M2: LEFT | N2: 1 | O2: 0
A3: 2 | B3: 2 | C3: 2 | D3: Sergio Gomez Osorio | E3: YEISON DAVID NINO ARIAS | F3: Juan Felipe Mahecha | G3: Luis Felipe Cuellar Santamaria | H3: BOTTOM | I3: TOP | J3: RIGHT | K3: LEFT | L3: RIGHT | M3: LEFT | N3: 1 | O3: 0
A4: 2 | B4: 2 | C4: 3 | D4: Sergio Gomez Osorio | E4: YEISON DAVID NINO ARIAS | F4: Juan Felipe Mahecha | G4: Luis Felipe Cuellar Santamaria | H4: BOTTOM | I4: TOP | J4: RIGHT | K4: LEFT | L4: RIGHT | M4: LEFT | N4: 0 | O4: 1
A5: 2 | B5: 2 | C5: 4 | D5: Sergio Gomez Osorio | E5: YEISON DAVID NINO ARIAS | F5: Juan Felipe Mahecha | G5: Luis Felipe Cuellar Santamaria | H5: BOTTOM | I5: TOP | J5: RIGHT | K5: LEFT | L5: RIGHT | M5: LEFT | N5: 0 | O5: 1
A6: 2 | B6: 2 | C6: 5 | D6: Sergio Gomez Osorio | E6: YEISON DAVID NINO ARIAS | F6: Juan Felipe Mahecha | G6: Luis Felipe Cuellar Santamaria | H6: BOTTOM | I6: TOP | J6: RIGHT | K6: LEFT | L6: RIGHT | M6: LEFT | N6: 0 | O6: 1
A7: 2 | B7: 2 | C7: 6 | D7: Sergio Gomez Osorio | E7: YEISON DAVID NINO ARIAS | F7: Juan Felipe Mahecha | G7: Luis Felipe Cuellar Santamaria | H7: BOTTOM | I7: TOP | J7: RIGHT | K7: LEFT | L7: RIGHT | M7: LEFT | N7: 1 | O7: 0
A8: 2 | B8: 2 | C8: 7 | D8: Sergio Gomez Osorio | E8: YEISON DAVID NINO ARIAS | F8: Juan Felipe Mahecha | G8: Luis Felipe Cuellar Santamaria | H8: BOTTOM | I8: TOP | J8: RIGHT | K8: LEFT | L8: RIGHT | M8: LEFT | N8: 0 | O8: 1
A9: 2 | B9: 2 | C9: 8 | D9: Sergio Gomez Osorio | E9: YEISON DAVID NINO ARIAS | F9: Juan Felipe Mahecha | G9: Luis Felipe Cuellar Santamaria | H9: BOTTOM | I9: TOP | J9: RIGHT | K9: LEFT | L9: RIGHT | M9: LEFT | N9: 1 | O9: 0
A10: 2 | B10: 2 | C10: 9 | D10: Sergio Gomez Osorio | E10: YEISON DAVID NINO ARIAS | F10: Juan Felipe Mahecha | G10: Luis Felipe Cuellar Santamaria | H10: BOTTOM | I10: TOP | J10: RIGHT | K10: LEFT | L10: RIGHT | M10: LEFT | N10: 1 | O10: 0
A11: 2 | B11: 2 | C11: 10 | D11: Sergio Gomez Osorio | E11: YEISON DAVID NINO ARIAS | F11: Juan Felipe Mahecha | G11: Luis Felipe Cuellar Santamaria | H11: BOTTOM | I11: TOP | J11: RIGHT | K11: LEFT | L11: RIGHT | M11: LEFT | N11: 0 | O11: 1
A12: 2 | B12: 2 | C12: 11 | D12: Sergio Gomez Osorio | E12: YEISON DAVID NINO ARIAS | F12: Juan Felipe Mahecha | G12: Luis Felipe Cuellar Santamaria | H12: BOTTOM | I12: TOP | J12: RIGHT | K12: LEFT | L12: RIGHT | M12: LEFT | N12: 1 | O12: 0
A13: 2 | B13: 2 | C13: 12 | D13: Sergio Gomez Osorio | E13: YEISON DAVID NINO ARIAS | F13: Juan Felipe Mahecha | G13: Luis Felipe Cuellar Santamaria | H13: BOTTOM | I13: TOP | J13: RIGHT | K13: LEFT | L13: RIGHT | M13: LEFT | N13: 0 | O13: 1
... A207: 38 | B207: 2 | C207: 10 | D207: José Fabian Garcia | E207: Juan Esteban Bustos Marín | F207: Luis Felipe Bonilla Patiño | G207: Esteban Sequeda Henao | H207: TOP | I207: BOTTOM | J207: RIGHT | K207: LEFT | L207: RIGHT | M207: LEFT | N207: 1 | O207: 0

Sheet Original
A1: Partido | B1: Equipo1_Jugador1 | C1: Equipo1_Jugador2 | D1: Equipo2_Jugador1 | E1: Equipo2_Jugador2 | F1: Cancha
A2: 1 | B2: Alejandra Salazar Galeano | C2: Andre Leonard Duque | D2: SANTIAGO PEÑA BELTRAN | E2: Sahily Andrea Herrera Eljadue | F2: Cancha 1
A3: 2 | B3: Sergio Gomez Osorio | C3: YEISON DAVID NINO ARIAS | D3: Juan Felipe Mahecha | E3: José Fabian Garcia | F3: Cancha 2
A4: 3 | B4: Juan David Rubio | C4: SANTIAGO PEÑA BELTRAN | D4: Alejandra Salazar Galeano | E4: Laura Natalia Garcia | F4: Cancha 1
A5: 4 | B5: Carlos Andrés Díaz Méndez | C5: Sofia Daza García | D5: Laura Natalia Garcia | E5: Juan David Rubio | F5: Cancha 2
A6: 5 | B6: Isabella Buitrago | C6: Samuel Francisco Rubio Casallas | D6: Mateo Ramírez Cabrera | E6: Maria Jose Palomino Carreño | F6: Cancha 1
A7: 6 | B7: Carlos Felipe Andrade | C7: Juan David Quitian | D7: Juan david Ortiz rendon | E7: Andre Leonard Duque | F7: Cancha 2
A8: 7 | B8: Juan Esteban Bustos Marín | C8: Sofia Daza García | D8: Gabriel Alejandro Corzo Fernández | E8: Carlos Andrés Díaz Méndez | F8: Cancha 1
A9: 8 | B9: Juan Guio | C9: Samuel Francisco Rubio Casallas | D9: Sahily Andrea Herrera Eljadue | E9: Daniel Esteban Ortegon Jaramillo | F9: Cancha 2
A10: 9 | B10: José Fabian Garcia | C10: Gabriel Alejandro Corzo Fernández | D10: Esteban Sequeda Henao | E10: Juan Felipe Mahecha | F10: Cancha 1
A11: 10 | B11: Jorge Garcia | C11: Jeronimo Sanabria olivares | D11: YEISON DAVID NINO ARIAS | E11: Nicolas Navarro D. | F11: Cancha 2
A12: 11 | B12: Gabriel Alejandro Corzo Fernández | C12: Pia Aroor | D12: César Camilo Díaz Cufiño | E12: Isabella Buitrago | F12: Cancha 1
A13: 12 | B13: José Fabian Garcia | C13: Esteban Sequeda Henao | D13: Jeronimo Sanabria olivares | E13: Daniel Esteban Ortegon Jaramillo | F13: Cancha 2
... A43: 42 | B43: Alejandra Salazar Galeano | C43: Juan Esteban Bustos Marín | D43: Daniel Esteban Ortegon Jaramillo | E43: Juliana Gomez | F43: Cancha 2

Sheet TD
A3: ID_JUGADOR_1_EQUIPO_1 | B3: Cuenta de ID_PUNTO | G3: ID_JUGADOR_2_EQUIPO_1 | H3: Cuenta de ID_PUNTO | M3: ID_JUGADOR_1_EQUIPO_2 | N3: Cuenta de ID_PUNTO | S3: ID_JUGADOR_2_EQUIPO_2 | T3: Cuenta de ID_PUNTO
A4: Alejandra Salazar Galeano | B4: 11 | G4: Alejandra Salazar Galeano | H4: 12 | M4: Alejandra Salazar Galeano | N4: 11 | S4: Ángel Santiago Toribio Godoy | T4: 21
A5: César Camilo Díaz Cufiño | B5: 9 | G5: Carlos Andrés Díaz Méndez | H5: 11 | M5: Andre Leonard Duque | N5: 11 | S5: César Camilo Díaz Cufiño | T5: 11
A6: Daniel Esteban Ortegon Jaramillo | B6: 41 | G6: Gabriel Alejandro Corzo Fernández | H6: 9 | M6: Carlos Felipe Andrade | N6: 12 | S6: Esteban Sequeda Henao | T6: 13
A7: Gabriel Alejandro Corzo Fernández | B7: 9 | G7: Juan david Ortiz rendon | H7: 21 | M7: César Camilo Díaz Cufiño | N7: 18 | S7: Isabella Buitrago | T7: 9
A8: Isabella Buitrago | B8: 11 | G8: Juan Felipe Mahecha | H8: 23 | M8: Esteban Sequeda Henao | N8: 20 | S8: Juan David Quitian | T8: 11
A9: Jorge Garcia | B9: 11 | G9: Laura Natalia Garcia | H9: 9 | M9: Gabriel Alejandro Corzo Fernández | N9: 9 | S9: Juan Felipe Mahecha | T9: 9
A10: Juan David Rubio | B10: 32 | G10: Luis Felipe Bonilla Patiño | H10: 24 | M10: Isabella Buitrago | N10: 9 | S10: Juan sebastian melo gonzalez | T10: 9
A11: Juan Esteban Bustos Marín | B11: 9 | G11: Mateo Ramírez Cabrera | H11: 21 | M11: Juan David Quitian | N11: 12 | S11: Laura Natalia Garcia | T11: 23
A12: Juan Guio | B12: 12 | G12: Pia Aroor | H12: 9 | M12: Laura Natalia Garcia | N12: 12 | S12: Maria Jose Palomino Carreño | T12: 11
A13: Juan sebastian melo gonzalez | B13: 12 | G13: Sahily Andrea Herrera Eljadue | H13: 9 | M13: Luis Felipe Bonilla Patiño | N13: 10 | S13: Mateo Ramírez Cabrera | T13: 10
A14: Juliana Gomez | B14: 10 | G14: Samuel Francisco Rubio Casallas | H14: 11 | M14: Mateo Ramírez Cabrera | N14: 21 | S14: Nicolas Navarro D. | T14: 22
A15: Natalia Perez | B15: 10 | G15: SANTIAGO PEÑA BELTRAN | H15: 11 | M15: Sahily Andrea Herrera Eljadue | N15: 12 | S15: Pia Aroor | T15: 18
A16: Pia Aroor | B16: 12 | G16: Sofia Daza García | H16: 19 | M16: SANTIAGO PEÑA BELTRAN | N16: 11 | S16: Sahily Andrea Herrera Eljadue | T16: 11
A17: SANTIAGO PEÑA BELTRAN | B17: 11 | G17: (empty) | M17: Sergio Gomez Osorio | N17: 9 | S17: Samuel Francisco Rubio Casallas | T17: 22
A18: (empty) | G18: Ángel Santiago Toribio Godoy | H18: 11 | M18: Tiffany Cardona Perez | N18: 23 | S18: (empty)
A19: Total Result | B19: 200 | G19: Total Result | H19: 200 | M19: (empty) | S19: Total Result | T19: 200
M20: Total Result | N20: 200
A30: ID_JUGADOR_1_EQUIPO_1 | B30: Cuenta de ID_PUNTO | G30: ID_JUGADOR_2_EQUIPO_1 | H30: Cuenta de ID_PUNTO | M30: ID_JUGADOR_1_EQUIPO_2 | N30: Cuenta de ID_PUNTO | S30: ID_JUGADOR_2_EQUIPO_2 | T30: Cuenta de ID_PUNTO
A31: (empty) | G31: Alejandra Salazar Galeano | H31: 8 | M31: Esteban Sequeda Henao | N31: 8 | S31: Carlos Felipe Andrade | T31: 10
A32: Carlos Andrés Díaz Méndez | B32: 13 | G32: César Camilo Díaz Cufiño | H32: 13 | M32: Gabriel Alejandro Corzo Fernández | N32: 13 | S32: Daniel Esteban Ortegon Jaramillo | T32: 30
A33: Carlos Felipe Andrade | B33: 18 | G33: Esteban Sequeda Henao | H33: 10 | M33: Jorge Garcia | N33: 13 | S33: Esteban Sequeda Henao | T33: 10
A34: Jorge Garcia | B34: 26 | G34: Jeronimo Sanabria olivares | H34: 13 | M34: José Fabian Garcia | N34: 12 | S34: Gabriel Alejandro Corzo Fernández | T34: 8
A35: José Fabian Garcia | B35: 10 | G35: Jorge Garcia | H35: 12 | M35: Juan david Ortiz rendon | N35: 11 | S35: Isabella Buitrago | T35: 12
A36: Juan david Ortiz rendon | B36: 10 | G36: Juan David Quitian | H36: 24 | M36: Juan Felipe Mahecha | N36: 35 | S36: Juan David Quitian | T36: 10
A37: Juan Esteban Bustos Marín | B37: 12 | G37: Juan Esteban Bustos Marín | H37: 20 | M37: Juliana Gomez | N37: 18 | S37: Juan David Rubio | T37: 21
A38: Juan Guio | B38: 20 | G38: Juan sebastian melo gonzalez | H38: 10 | M38: Laura Natalia Garcia | N38: 13 | S38: Juan Guio | T38: 37
A39: Juan sebastian melo gonzalez | B39: 21 | G39: Juliana Gomez | H39: 13 | M39: Luis Felipe Bonilla Patiño | N39: 10 | S39: Juliana Gomez | T39: 13
A40: Juliana Gomez | B40: 18 | G40: Samuel Francisco Rubio Casallas | H40: 10 | M40: Luis Felipe Cuellar Santamaria | N40: 10 | S40: Laura Natalia Garcia | T40: 7
A41: Laura Natalia Garcia | B41: 13 | G41: Sergio Gomez Osorio | H41: 18 | M41: Mateo Ramírez Cabrera | N41: 10 | S41: Luis Felipe Bonilla Patiño | T41: 22
A42: Luis Felipe Bonilla Patiño | B42: 22 | G42: Sofia Daza García | H42: 20 | M42: Pia Aroor | N42: 7 | S42: Luis Felipe Cuellar Santamaria | T42: 13
A43: Nicolas Navarro D. | B43: 10 | G43: YEISON DAVID NINO ARIAS | H43: 35 | M43: Sahily Andrea Herrera Eljadue | N43: 10 | S43: YEISON DAVID NINO ARIAS | T43: 13
A44: Sergio Gomez Osorio | B44: 13 | G44: (empty) | M44: SANTIAGO PEÑA BELTRAN | N44: 10 | S44: (empty)
A45: Total Result | B45: 206 | G45: Total Result | H45: 206 | M45: Sergio Gomez Osorio | N45: 13 | S45: Total Result | T45: 206
M46: YEISON DAVID NINO ARIAS | N46: 13
M47: (empty)
M48: Total Result | N48: 206

Sheet Resumen
C2: TOTAL PUNTOS GANADOS | N2: TOTAL PUNTOS JUGADOS
B4: Cancha 1 | F4: Cancha 2 | M4: Cancha 1 | Q4: Cancha 2
B5: Equipo 1 | D5: Equipo 2 | F5: Equipo 1 | H5: Equipo 2 | M5: Equipo 1 | O5: Equipo 2 | Q5: Equipo 1 | S5: Equipo 2
A6: JUGADOR | B6: Jugador 1 | C6: Jugador 2 | D6: Jugador 1 | E6: Jugador 2 | F6: Jugador 1 | G6: Jugador 2 | H6: Jugador 1 | I6: Jugador 2 | J6: Total Torneo | L6: JUGADOR | M6: Jugador 1 | N6: Jugador 2 | O6: Jugador 1 | P6: Jugador 2 | Q6: Jugador 1 | R6: Jugador 2 | S6: Jugador 1 | T6: Jugador 2 | U6: Total Puntos Jugados | Y6: JUGADOR | Z6: Total Ganados | AA6: Total Jugados | AB6: Win Rate
A7: Alejandra Salazar Galeano | B7: =IFERROR(GETPIVOTDATA("Suma de PUNTO_EQUIPO_1",TD!$A$3,"ID_JUGADOR_1_EQUIPO_1",$A7),0) -> 7 | C7: =IFERROR(GETPIVOTDATA("Suma de PUNTO_EQUIPO_1",TD!$G$3,"ID_JUGADOR_2_EQUIPO_1",$A7),0) -> 5 | D7: =IFERROR(GETPIVOTDATA("Suma de PUNTO_EQUIPO_2",TD!$M$3,"ID_JUGADOR_1_EQUIPO_2",$A7),0) -> 3 | E7: =IFERROR(GETPIVOTDATA("Suma de PUNTO_EQUIPO_2",TD!$S$3,"ID_JUGADOR_2_EQUIPO_2",$A7),0) -> 0 | F7: =IFERROR(GETPIVOTDATA("Suma de PUNTO_EQUIPO_1",TD!$A$30,"ID_JUGADOR_1_EQUIPO_1",$A7),0) -> 0 | G7: =IFERROR(GETPIVOTDATA("Suma de PUNTO_EQUIPO_1",TD!$G$30,"ID_JUGADOR_2_EQUIPO_1",$A7),0) -> 1 | H7: =IFERROR(GETPIVOTDATA("Suma de PUNTO_EQUIPO_2",TD!$M$30,"ID_JUGADOR_1_EQUIPO_2",$A7),0) -> 0 | I7: =IFERROR(GETPIVOTDATA("Suma de PUNTO_EQUIPO_2",TD!$S$30,"ID_JUGADOR_2_EQUIPO_2",$A7),0) -> 0 | J7: =SUM(B7:I7) -> 16 | L7: Alejandra Salazar Galeano | M7: =IFERROR(GETPIVOTDATA("Cuenta de ID_PUNTO",TD!$A$3,"ID_JUGADOR_1_EQUIPO_1",$L7),0) -> 11 | N7: =IFERROR(GETPIVOTDATA("Cuenta de ID_PUNTO",TD!$G$3,"ID_JUGADOR_2_EQUIPO_1",$L7),0) -> 12 | O7: =IFERROR(GETPIVOTDATA("Cuenta de ID_PUNTO",TD!$M$3,"ID_JUGADOR_1_EQUIPO_2",$L7),0) -> 11 | P7: =IFERROR(GETPIVOTDATA("Cuenta de ID_PUNTO",TD!$S$3,"ID_JUGADOR_2_EQUIPO_2",$L7),0) -> 0 | Q7: =IFERROR(GETPIVOTDATA("Cuenta de ID_PUNTO",TD!$A$30,"ID_JUGADOR_1_EQUIPO_1",$L7),0) -> 0 | R7: =IFERROR(GETPIVOTDATA("Cuenta de ID_PUNTO",TD!$G$30,"ID_JUGADOR_2_EQUIPO_1",$L7),0) -> 8 | S7: =IFERROR(GETPIVOTDATA("Cuenta de ID_PUNTO",TD!$M$30,"ID_JUGADOR_1_EQUIPO_2",$L7),0) -> 0 | T7: =IFERROR(GETPIVOTDATA("Cuenta de ID_PUNTO",TD!$S$30,"ID_JUGADOR_2_EQUIPO_2",$L7),0) -> 0 | U7: =SUM(M7:T7) -> 42 | Y7: Carlos Felipe Andrade | Z7: =VLOOKUP(Y7,$A$6:$J$42,10,FALSE()) -> 28 | AA7: =VLOOKUP(Y7,$L$6:$U$42,10,FALSE()) -> 40 | AB7: =Z7/AA7 -> 0.7
A8: Andre Leonard Duque | B8: =IFERROR(GETPIVOTDATA("Suma de PUNTO_EQUIPO_1",TD!$A$3,"ID_JUGADOR_1_EQUIPO_1",$A8),0) -> 0 | C8: =IFERROR(GETPIVOTDATA("Suma de PUNTO_EQUIPO_1",TD!$G$3,"ID_JUGADOR_2_EQUIPO_1",$A8),0) -> 0 | D8: =IFERROR(GETPIVOTDATA("Suma de PUNTO_EQUIPO_2",TD!$M$3,"ID_JUGADOR_1_EQUIPO_2",$A8),0) -> 4 | E8: =IFERROR(GETPIVOTDATA("Suma de PUNTO_EQUIPO_2",TD!$S$3,"ID_JUGADOR_2_EQUIPO_2",$A8),0) -> 0 | F8: =IFERROR(GETPIVOTDATA("Suma de PUNTO_EQUIPO_1",TD!$A$30,"ID_JUGADOR_1_EQUIPO_1",$A8),0) -> 0 | G8: =IFERROR(GETPIVOTDATA("Suma de PUNTO_EQUIPO_1",TD!$G$30,"ID_JUGADOR_2_EQUIPO_1",$A8),0) -> 0 | H8: =IFERROR(GETPIVOTDATA("Suma de PUNTO_EQUIPO_2",TD!$M$30,"ID_JUGADOR_1_EQUIPO_2",$A8),0) -> 0 | I8: =IFERROR(GETPIVOTDATA("Suma de PUNTO_EQUIPO_2",TD!$S$30,"ID_JUGADOR_2_EQUIPO_2",$A8),0) -> 0 | J8: =SUM(B8:I8) -> 4 | L8: Andre Leonard Duque | M8: =IFERROR(GETPIVOTDATA("Cuenta de ID_PUNTO",TD!$A$3,"ID_JUGADOR_1_EQUIPO_1",$L8),0) -> 0 | N8: =IFERROR(GETPIVOTDATA("Cuenta de ID_PUNTO",TD!$G$3,"ID_JUGADOR_2_EQUIPO_1",$L8),0) -> 0 | O8: =IFERROR(GETPIVOTDATA("Cuenta de ID_PUNTO",TD!$M$3,"ID_JUGADOR_1_EQUIPO_2",$L8),0) -> 11 | P8: =IFERROR(GETPIVOTDATA("Cuenta de ID_PUNTO",TD!$S$3,"ID_JUGADOR_2_EQUIPO_2",$L8),0) -> 0 | Q8: =IFERROR(GETPIVOTDATA("Cuenta de ID_PUNTO",TD!$A$30,"ID_JUGADOR_1_EQUIPO_1",$L8),0) -> 0 | R8: =IFERROR(GETPIVOTDATA("Cuenta de ID_PUNTO",TD!$G$30,"ID_JUGADOR_2_EQUIPO_1",$L8),0) -> 0 | S8: =IFERROR(GETPIVOTDATA("Cuenta de ID_PUNTO",TD!$M$30,"ID_JUGADOR_1_EQUIPO_2",$L8),0) -> 0 | T8: =IFERROR(GETPIVOTDATA("Cuenta de ID_PUNTO",TD!$S$30,"ID_JUGADOR_2_EQUIPO_2",$L8),0) -> 0 | U8: =SUM(M8:T8) -> 11 | Y8: Ángel Santiago Toribio Godoy | Z8: =VLOOKUP(Y8,$A$6:$J$42,10,FALSE()) -> 21 | AA8: =VLOOKUP(Y8,$L$6:$U$42,10,FALSE()) -> 32 | AB8: =Z8/AA8 -> 0.65625
A9: Ángel Santiago Toribio Godoy | B9: =IFERROR(GETPIVOTDATA("Suma de PUNTO_EQUIPO_1",TD!$A$3,"ID_JUGADOR_1_EQUIPO_1",$A9),0) -> 0 | C9: =IFERROR(GETPIVOTDATA("Suma de PUNTO_EQUIPO_1",TD!$G$3,"ID_JUGADOR_2_EQUIPO_1",$A9),0) -> 7 | D9: =IFERROR(GETPIVOTDATA("Suma de PUNTO_EQUIPO_2",TD!$M$3,"ID_JUGADOR_1_EQUIPO_2",$A9),0) -> 0 | E9: =IFERROR(GETPIVOTDATA("Suma de PUNTO_EQUIPO_2",TD!$S$3,"ID_JUGADOR_2_EQUIPO_2",$A9),0) -> 14 | F9: =IFERROR(GETPIVOTDATA("Suma de PUNTO_EQUIPO_1",TD!$A$30,"ID_JUGADOR_1_EQUIPO_1",$A9),0) -> 0 | G9: =IFERROR(GETPIVOTDATA("Suma de PUNTO_EQUIPO_1",TD!$G$30,"ID_JUGADOR_2_EQUIPO_1",$A9),0) -> 0 | H9: =IFERROR(GETPIVOTDATA("Suma de PUNTO_EQUIPO_2",TD!$M$30,"ID_JUGADOR_1_EQUIPO_2",$A9),0) -> 0 | I9: =IFERROR(GETPIVOTDATA("Suma de PUNTO_EQUIPO_2",TD!$S$30,"ID_JUGADOR_2_EQUIPO_2",$A9),0) -> 0 | J9: =SUM(B9:I9) -> 21 | L9: Ángel Santiago Toribio Godoy | M9: =IFERROR(GETPIVOTDATA("Cuenta de ID_PUNTO",TD!$A$3,"ID_JUGADOR_1_EQUIPO_1",$L9),0) -> 0 | N9: =IFERROR(GETPIVOTDATA("Cuenta de ID_PUNTO",TD!$G$3,"ID_JUGADOR_2_EQUIPO_1",$L9),0) -> 11 | O9: =IFERROR(GETPIVOTDATA("Cuenta de ID_PUNTO",TD!$M$3,"ID_JUGADOR_1_EQUIPO_2",$L9),0) -> 0 | P9: =IFERROR(GETPIVOTDATA("Cuenta de ID_PUNTO",TD!$S$3,"ID_JUGADOR_2_EQUIPO_2",$L9),0) -> 21 | Q9: =IFERROR(GETPIVOTDATA("Cuenta de ID_PUNTO",TD!$A$30,"ID_JUGADOR_1_EQUIPO_1",$L9),0) -> 0 | R9: =IFERROR(GETPIVOTDATA("Cuenta de ID_PUNTO",TD!$G$30,"ID_JUGADOR_2_EQUIPO_1",$L9),0) -> 0 | S9: =IFERROR(GETPIVOTDATA("Cuenta de ID_PUNTO",TD!$M$30,"ID_JUGADOR_1_EQUIPO_2",$L9),0) -> 0 | T9: =IFERROR(GETPIVOTDATA("Cuenta de ID_PUNTO",TD!$S$30,"ID_JUGADOR_2_EQUIPO_2",$L9),0) -> 0 | U9: =SUM(M9:T9) -> 32 | Y9: Sergio Gomez Osorio | Z9: =VLOOKUP(Y9,$A$6:$J$42,10,FALSE()) -> 34 | AA9: =VLOOKUP(Y9,$L$6:$U$42,10,FALSE()) -> 53 | AB9: =Z9/AA9 -> 0.64150943
A10: Carlos Andrés Díaz Méndez | B10: =IFERROR(GETPIVOTDATA("Suma de PUNTO_EQUIPO_1",TD!$A$3,"ID_JUGADOR_1_EQUIPO_1",$A10),0) -> 0 | C10: =IFERROR(GETPIVOTDATA("Suma de PUNTO_EQUIPO_1",TD!$G$3,"ID_JUGADOR_2_EQUIPO_1",$A10),0) -> 7 | D10: =IFERROR(GETPIVOTDATA("Suma de PUNTO_EQUIPO_2",TD!$M$3,"ID_JUGADOR_1_EQUIPO_2",$A10),0) -> 0 | E10: =IFERROR(GETPIVOTDATA("Suma de PUNTO_EQUIPO_2",TD!$S$3,"ID_JUGADOR_2_EQUIPO_2",$A10),0) -> 0 | F10: =IFERROR(GETPIVOTDATA("Suma de PUNTO_EQUIPO_1",TD!$A$30,"ID_JUGADOR_1_EQUIPO_1",$A10),0) -> 6 | G10: =IFERROR(GETPIVOTDATA("Suma de PUNTO_EQUIPO_1",TD!$G$30,"ID_JUGADOR_2_EQUIPO_1",$A10),0) -> 0 | H10: =IFERROR(GETPIVOTDATA("Suma de PUNTO_EQUIPO_2",TD!$M$30,"ID_JUGADOR_1_EQUIPO_2",$A10),0) -> 0 | I10: =IFERROR(GETPIVOTDATA("Suma de PUNTO_EQUIPO_2",TD!$S$30,"ID_JUGADOR_2_EQUIPO_2",$A10),0) -> 0 | J10: =SUM(B10:I10) -> 13 | L10: Carlos Andrés Díaz Méndez | M10: =IFERROR(GETPIVOTDATA("Cuenta de ID_PUNTO",TD!$A$3,"ID_JUGADOR_1_EQUIPO_1",$L10),0) -> 0 | N10: =IFERROR(GETPIVOTDATA("Cuenta de ID_PUNTO",TD!$G$3,"ID_JUGADOR_2_EQUIPO_1",$L10),0) -> 11 | O10: =IFERROR(GETPIVOTDATA("Cuenta de ID_PUNTO",TD!$M$3,"ID_JUGADOR_1_EQUIPO_2",$L10),0) -> 0 | P10: =IFERROR(GETPIVOTDATA("Cuenta de ID_PUNTO",TD!$S$3,"ID_JUGADOR_2_EQUIPO_2",$L10),0) -> 0 | Q10: =IFERROR(GETPIVOTDATA("Cuenta de ID_PUNTO",TD!$A$30,"ID_JUGADOR_1_EQUIPO_1",$L10),0) -> 13 | R10: =IFERROR(GETPIVOTDATA("Cuenta de ID_PUNTO",TD!$G$30,"ID_JUGADOR_2_EQUIPO_1",$L10),0) -> 0 | S10: =IFERROR(GETPIVOTDATA("Cuenta de ID_PUNTO",TD!$M$30,"ID_JUGADOR_1_EQUIPO_2",$L10),0) -> 0 | T10: =IFERROR(GETPIVOTDATA("Cuenta de ID_PUNTO",TD!$S$30,"ID_JUGADOR_2_EQUIPO_2",$L10),0) -> 0 | U10: =SUM(M10:T10) -> 24 | Y10: Juan David Rubio | Z10: =VLOOKUP(Y10,$A$6:$J$42,10,FALSE()) -> 34 | AA10: =VLOOKUP(Y10,$L$6:$U$42,10,FALSE()) -> 53 | AB10: =Z10/AA10 -> 0.64150943
A11: Carlos Felipe Andrade | B11: =IFERROR(GETPIVOTDATA("Suma de PUNTO_EQUIPO_1",TD!$A$3,"ID_JUGADOR_1_EQUIPO_1",$A11),0) -> 0 | C11: =IFERROR(GETPIVOTDATA("Suma de PUNTO_EQUIPO_1",TD!$G$3,"ID_JUGADOR_2_EQUIPO_1",$A11),0) -> 0 | D11: =IFERROR(GETPIVOTDATA("Suma de PUNTO_EQUIPO_2",TD!$M$3,"ID_JUGADOR_1_EQUIPO_2",$A11),0) -> 7 | E11: =IFERROR(GETPIVOTDATA("Suma de PUNTO_EQUIPO_2",TD!$S$3,"ID_JUGADOR_2_EQUIPO_2",$A11),0) -> 0 | F11: =IFERROR(GETPIVOTDATA("Suma de PUNTO_EQUIPO_1",TD!$A$30,"ID_JUGADOR_1_EQUIPO_1",$A11),0) -> 14 | G11: =IFERROR(GETPIVOTDATA("Suma de PUNTO_EQUIPO_1",TD!$G$30,"ID_JUGADOR_2_EQUIPO_1",$A11),0) -> 0 | H11: =IFERROR(GETPIVOTDATA("Suma de PUNTO_EQUIPO_2",TD!$M$30,"ID_JUGADOR_1_EQUIPO_2",$A11),0) -> 0 | I11: =IFERROR(GETPIVOTDATA("Suma de PUNTO_EQUIPO_2",TD!$S$30,"ID_JUGADOR_2_EQUIPO_2",$A11),0) -> 7 | J11: =SUM(B11:I11) -> 28 | L11: Carlos Felipe Andrade | M11: =IFERROR(GETPIVOTDATA("Cuenta de ID_PUNTO",TD!$A$3,"ID_JUGADOR_1_EQUIPO_1",$L11),0) -> 0 | N11: =IFERROR(GETPIVOTDATA("Cuenta de ID_PUNTO",TD!$G$3,"ID_JUGADOR_2_EQUIPO_1",$L11),0) -> 0 | O11: =IFERROR(GETPIVOTDATA("Cuenta de ID_PUNTO",TD!$M$3,"ID_JUGADOR_1_EQUIPO_2",$L11),0) -> 12 | P11: =IFERROR(GETPIVOTDATA("Cuenta de ID_PUNTO",TD!$S$3,"ID_JUGADOR_2_EQUIPO_2",$L11),0) -> 0 | Q11: =IFERROR(GETPIVOTDATA("Cuenta de ID_PUNTO",TD!$A$30,"ID_JUGADOR_1_EQUIPO_1",$L11),0) -> 18 | R11: =IFERROR(GETPIVOTDATA("Cuenta de ID_PUNTO",TD!$G$30,"ID_JUGADOR_2_EQUIPO_1",$L11),0) -> 0 | S11: =IFERROR(GETPIVOTDATA("Cuenta de ID_PUNTO",TD!$M$30,"ID_JUGADOR_1_EQUIPO_2",$L11),0) -> 0 | T11: =IFERROR(GETPIVOTDATA("Cuenta de ID_PUNTO",TD!$S$30,"ID_JUGADOR_2_EQUIPO_2",$L11),0) -> 10 | U11: =SUM(M11:T11) -> 40 | Y11: Juan sebastian melo gonzalez | Z11: =VLOOKUP(Y11,$A$6:$J$42,10,FALSE()) -> 33 | AA11: =VLOOKUP(Y11,$L$6:$U$42,10,FALSE()) -> 52 | AB11: =Z11/AA11 -> 0.63461538
A12: César Camilo Díaz Cufiño | B12: =IFERROR(GETPIVOTDATA("Suma de PUNTO_EQUIPO_1",TD!$A$3,"ID_JUGADOR_1_EQUIPO_1",$A12),0) -> 2 | C12: =IFERROR(GETPIVOTDATA("Suma de PUNTO_EQUIPO_1",TD!$G$3,"ID_JUGADOR_2_EQUIPO_1",$A12),0) -> 0 | D12: =IFERROR(GETPIVOTDATA("Suma de PUNTO_EQUIPO_2",TD!$M$3,"ID_JUGADOR_1_EQUIPO_2",$A12),0) -> 9 | E12: =IFERROR(GETPIVOTDATA("Suma de PUNTO_EQUIPO_2",TD!$S$3,"ID_JUGADOR_2_EQUIPO_2",$A12),0) -> 4 | F12: =IFERROR(GETPIVOTDATA("Suma de PUNTO_EQUIPO_1",TD!$A$30,"ID_JUGADOR_1_EQUIPO_1",$A12),0) -> 0 | G12: =IFERROR(GETPIVOTDATA("Suma de PUNTO_EQUIPO_1",TD!$G$30,"ID_JUGADOR_2_EQUIPO_1",$A12),0) -> 6 | H12: =IFERROR(GETPIVOTDATA("Suma de PUNTO_EQUIPO_2",TD!$M$30,"ID_JUGADOR_1_EQUIPO_2",$A12),0) -> 0 | I12: =IFERROR(GETPIVOTDATA("Suma de PUNTO_EQUIPO_2",TD!$S$30,"ID_JUGADOR_2_EQUIPO_2",$A12),0) -> 0 | J12: =SUM(B12:I12) -> 21 | L12: César Camilo Díaz Cufiño | M12: =IFERROR(GETPIVOTDATA("Cuenta de ID_PUNTO",TD!$A$3,"ID_JUGADOR_1_EQUIPO_1",$L12),0) -> 9 | N12: =IFERROR(GETPIVOTDATA("Cuenta de ID_PUNTO",TD!$G$3,"ID_JUGADOR_2_EQUIPO_1",$L12),0) -> 0 | O12: =IFERROR(GETPIVOTDATA("Cuenta de ID_PUNTO",TD!$M$3,"ID_JUGADOR_1_EQUIPO_2",$L12),0) -> 18 | P12: =IFERROR(GETPIVOTDATA("Cuenta de ID_PUNTO",TD!$S$3,"ID_JUGADOR_2_EQUIPO_2",$L12),0) -> 11 | Q12: =IFERROR(GETPIVOTDATA("Cuenta de ID_PUNTO",TD!$A$30,"ID_JUGADOR_1_EQUIPO_1",$L12),0) -> 0 | R12: =IFERROR(GETPIVOTDATA("Cuenta de ID_PUNTO",TD!$G$30,"ID_JUGADOR_2_EQUIPO_1",$L12),0) -> 13 | S12: =IFERROR(GETPIVOTDATA("Cuenta de ID_PUNTO",TD!$M$30,"ID_JUGADOR_1_EQUIPO_2",$L12),0) -> 0 | T12: =IFERROR(GETPIVOTDATA("Cuenta de ID_PUNTO",TD!$S$30,"ID_JUGADOR_2_EQUIPO_2",$L12),0) -> 0 | U12: =SUM(M12:T12) -> 51 | Y12: Samuel Francisco Rubio Casallas | Z12: =VLOOKUP(Y12,$A$6:$J$42,10,FALSE()) -> 27 | AA12: =VLOOKUP(Y12,$L$6:$U$42,10,FALSE()) -> 43 | AB12: =Z12/AA12 -> 0.62790698
A13: Daniel Esteban Ortegon Jaramillo | B13: =IFERROR(GETPIVOTDATA("Suma de PUNTO_EQUIPO_1",TD!$A$3,"ID_JUGADOR_1_EQUIPO_1",$A13),0) -> 23 | C13: =IFERROR(GETPIVOTDATA("Suma de PUNTO_EQUIPO_1",TD!$G$3,"ID_JUGADOR_2_EQUIPO_1",$A13),0) -> 0 | D13: =IFERROR(GETPIVOTDATA("Suma de PUNTO_EQUIPO_2",TD!$M$3,"ID_JUGADOR_1_EQUIPO_2",$A13),0) -> 0 | E13: =IFERROR(GETPIVOTDATA("Suma de PUNTO_EQUIPO_2",TD!$S$3,"ID_JUGADOR_2_EQUIPO_2",$A13),0) -> 0 | F13: =IFERROR(GETPIVOTDATA("Suma de PUNTO_EQUIPO_1",TD!$A$30,"ID_JUGADOR_1_EQUIPO_1",$A13),0) -> 0 | G13: =IFERROR(GETPIVOTDATA("Suma de PUNTO_EQUIPO_1",TD!$G$30,"ID_JUGADOR_2_EQUIPO_1",$A13),0) -> 0 | H13: =IFERROR(GETPIVOTDATA("Suma de PUNTO_EQUIPO_2",TD!$M$30,"ID_JUGADOR_1_EQUIPO_2",$A13),0) -> 0 | I13: =IFERROR(GETPIVOTDATA("Suma de PUNTO_EQUIPO_2",TD!$S$30,"ID_JUGADOR_2_EQUIPO_2",$A13),0) -> 10 | J13: =SUM(B13:I13) -> 33 | L13: Daniel Esteban Ortegon Jaramillo | M13: =IFERROR(GETPIVOTDATA("Cuenta de ID_PUNTO",TD!$A$3,"ID_JUGADOR_1_EQUIPO_1",$L13),0) -> 41 | N13: =IFERROR(GETPIVOTDATA("Cuenta de ID_PUNTO",TD!$G$3,"ID_JUGADOR_2_EQUIPO_1",$L13),0) -> 0 | O13: =IFERROR(GETPIVOTDATA("Cuenta de ID_PUNTO",TD!$M$3,"ID_JUGADOR_1_EQUIPO_2",$L13),0) -> 0 | P13: =IFERROR(GETPIVOTDATA("Cuenta de ID_PUNTO",TD!$S$3,"ID_JUGADOR_2_EQUIPO_2",$L13),0) -> 0 | Q13: =IFERROR(GETPIVOTDATA("Cuenta de ID_PUNTO",TD!$A$30,"ID_JUGADOR_1_EQUIPO_1",$L13),0) -> 0 | R13: =IFERROR(GETPIVOTDATA("Cuenta de ID_PUNTO",TD!$G$30,"ID_JUGADOR_2_EQUIPO_1",$L13),0) -> 0 | S13: =IFERROR(GETPIVOTDATA("Cuenta de ID_PUNTO",TD!$M$30,"ID_JUGADOR_1_EQUIPO_2",$L13),0) -> 0 | T13: =IFERROR(GETPIVOTDATA("Cuenta de ID_PUNTO",TD!$S$30,"ID_JUGADOR_2_EQUIPO_2",$L13),0) -> 30 | U13: =SUM(M13:T13) -> 71 | Y13: Juan Felipe Mahecha | Z13: =VLOOKUP(Y13,$A$6:$J$42,10,FALSE()) -> 40 | AA13: =VLOOKUP(Y13,$L$6:$U$42,10,FALSE()) -> 67 | AB13: =Z13/AA13 -> 0.59701493
A14: Esteban Sequeda Henao | B14: =IFERROR(GETPIVOTDATA("Suma de PUNTO_EQUIPO_1",TD!$A$3,"ID_JUGADOR_1_EQUIPO_1",$A14),0) -> 0 | C14: =IFERROR(GETPIVOTDATA("Suma de PUNTO_EQUIPO_1",TD!$G$3,"ID_JUGADOR_2_EQUIPO_1",$A14),0) -> 0 | D14: =IFERROR(GETPIVOTDATA("Suma de PUNTO_EQUIPO_2",TD!$M$3,"ID_JUGADOR_1_EQUIPO_2",$A14),0) -> 11 | E14: =IFERROR(GETPIVOTDATA("Suma de PUNTO_EQUIPO_2",TD!$S$3,"ID_JUGADOR_2_EQUIPO_2",$A14),0) -> 6 | F14: =IFERROR(GETPIVOTDATA("Suma de PUNTO_EQUIPO_1",TD!$A$30,"ID_JUGADOR_1_EQUIPO_1",$A14),0) -> 0 | G14: =IFERROR(GETPIVOTDATA("Suma de PUNTO_EQUIPO_1",TD!$G$30,"ID_JUGADOR_2_EQUIPO_1",$A14),0) -> 7 | H14: =IFERROR(GETPIVOTDATA("Suma de PUNTO_EQUIPO_2",TD!$M$30,"ID_JUGADOR_1_EQUIPO_2",$A14),0) -> 7 | I14: =IFERROR(GETPIVOTDATA("Suma de PUNTO_EQUIPO_2",TD!$S$30,"ID_JUGADOR_2_EQUIPO_2",$A14),0) -> 3 | J14: =SUM(B14:I14) -> 34 | L14: Esteban Sequeda Henao | M14: =IFERROR(GETPIVOTDATA("Cuenta de ID_PUNTO",TD!$A$3,"ID_JUGADOR_1_EQUIPO_1",$L14),0) -> 0 | N14: =IFERROR(GETPIVOTDATA("Cuenta de ID_PUNTO",TD!$G$3,"ID_JUGADOR_2_EQUIPO_1",$L14),0) -> 0 | O14: =IFERROR(GETPIVOTDATA("Cuenta de ID_PUNTO",TD!$M$3,"ID_JUGADOR_1_EQUIPO_2",$L14),0) -> 20 | P14: =IFERROR(GETPIVOTDATA("Cuenta de ID_PUNTO",TD!$S$3,"ID_JUGADOR_2_EQUIPO_2",$L14),0) -> 13 | Q14: =IFERROR(GETPIVOTDATA("Cuenta de ID_PUNTO",TD!$A$30,"ID_JUGADOR_1_EQUIPO_1",$L14),0) -> 0 | R14: =IFERROR(GETPIVOTDATA("Cuenta de ID_PUNTO",TD!$G$30,"ID_JUGADOR_2_EQUIPO_1",$L14),0) -> 10 | S14: =IFERROR(GETPIVOTDATA("Cuenta de ID_PUNTO",TD!$M$30,"ID_JUGADOR_1_EQUIPO_2",$L14),0) -> 8 | T14: =IFERROR(GETPIVOTDATA("Cuenta de ID_PUNTO",TD!$S$30,"ID_JUGADOR_2_EQUIPO_2",$L14),0) -> 10 | U14: =SUM(M14:T14) -> 61 | Y14: Tiffany Cardona Perez | Z14: =VLOOKUP(Y14,$A$6:$J$42,10,FALSE()) -> 13 | AA14: =VLOOKUP(Y14,$L$6:$U$42,10,FALSE()) -> 23 | AB14: =Z14/AA14 -> 0.56521739
A15: Gabriel Alejandro Corzo Fernández | B15: =IFERROR(GETPIVOTDATA("Suma de PUNTO_EQUIPO_1",TD!$A$3,"ID_JUGADOR_1_EQUIPO_1",$A15),0) -> 2 | C15: =IFERROR(GETPIVOTDATA("Suma de PUNTO_EQUIPO_1",TD!$G$3,"ID_JUGADOR_2_EQUIPO_1",$A15),0) -> 2 | D15: =IFERROR(GETPIVOTDATA("Suma de PUNTO_EQUIPO_2",TD!$M$3,"ID_JUGADOR_1_EQUIPO_2",$A15),0) -> 7 | E15: =IFERROR(GETPIVOTDATA("Suma de PUNTO_EQUIPO_2",TD!$S$3,"ID_JUGADOR_2_EQUIPO_2",$A15),0) -> 0 | F15: =IFERROR(GETPIVOTDATA("Suma de PUNTO_EQUIPO_1",TD!$A$30,"ID_JUGADOR_1_EQUIPO_1",$A15),0) -> 0 | G15: =IFERROR(GETPIVOTDATA("Suma de PUNTO_EQUIPO_1",TD!$G$30,"ID_JUGADOR_2_EQUIPO_1",$A15),0) -> 0 | H15: =IFERROR(GETPIVOTDATA("Suma de PUNTO_EQUIPO_2",TD!$M$30,"ID_JUGADOR_1_EQUIPO_2",$A15),0) -> 7 | I15: =IFERROR(GETPIVOTDATA("Suma de PUNTO_EQUIPO_2",TD!$S$30,"ID_JUGADOR_2_EQUIPO_2",$A15),0) -> 1 | J15: =SUM(B15:I15) -> 19 | L15: Gabriel Alejandro Corzo Fernández | M15: =IFERROR(GETPIVOTDATA("Cuenta de ID_PUNTO",TD!$A$3,"ID_JUGADOR_1_EQUIPO_1",$L15),0) -> 9 | N15: =IFERROR(GETPIVOTDATA("Cuenta de ID_PUNTO",TD!$G$3,"ID_JUGADOR_2_EQUIPO_1",$L15),0) -> 9 | O15: =IFERROR(GETPIVOTDATA("Cuenta de ID_PUNTO",TD!$M$3,"ID_JUGADOR_1_EQUIPO_2",$L15),0) -> 9 | P15: =IFERROR(GETPIVOTDATA("Cuenta de ID_PUNTO",TD!$S$3,"ID_JUGADOR_2_EQUIPO_2",$L15),0) -> 0 | Q15: =IFERROR(GETPIVOTDATA("Cuenta de ID_PUNTO",TD!$A$30,"ID_JUGADOR_1_EQUIPO_1",$L15),0) -> 0 | R15: =IFERROR(GETPIVOTDATA("Cuenta de ID_PUNTO",TD!$G$30,"ID_JUGADOR_2_EQUIPO_1",$L15),0) -> 0 | S15: =IFERROR(GETPIVOTDATA("Cuenta de ID_PUNTO",TD!$M$30,"ID_JUGADOR_1_EQUIPO_2",$L15),0) -> 13 | T15: =IFERROR(GETPIVOTDATA("Cuenta de ID_PUNTO",TD!$S$30,"ID_JUGADOR_2_EQUIPO_2",$L15),0) -> 8 | U15: =SUM(M15:T15) -> 48 | Y15: Esteban Sequeda Henao | Z15: =VLOOKUP(Y15,$A$6:$J$42,10,FALSE()) -> 34 | AA15: =VLOOKUP(Y15,$L$6:$U$42,10,FALSE()) -> 61 | AB15: =Z15/AA15 -> 0.55737705
A16: Isabella Buitrago | B16: =IFERROR(GETPIVOTDATA("Suma de PUNTO_EQUIPO_1",TD!$A$3,"ID_JUGADOR_1_EQUIPO_1",$A16),0) -> 7 | C16: =IFERROR(GETPIVOTDATA("Suma de PUNTO_EQUIPO_1",TD!$G$3,"ID_JUGADOR_2_EQUIPO_1",$A16),0) -> 0 | D16: =IFERROR(GETPIVOTDATA("Suma de PUNTO_EQUIPO_2",TD!$M$3,"ID_JUGADOR_1_EQUIPO_2",$A16),0) -> 2 | E16: =IFERROR(GETPIVOTDATA("Suma de PUNTO_EQUIPO_2",TD!$S$3,"ID_JUGADOR_2_EQUIPO_2",$A16),0) -> 7 | F16: =IFERROR(GETPIVOTDATA("Suma de PUNTO_EQUIPO_1",TD!$A$30,"ID_JUGADOR_1_EQUIPO_1",$A16),0) -> 0 | G16: =IFERROR(GETPIVOTDATA("Suma de PUNTO_EQUIPO_1",TD!$G$30,"ID_JUGADOR_2_EQUIPO_1",$A16),0) -> 0 | H16: =IFERROR(GETPIVOTDATA("Suma de PUNTO_EQUIPO_2",TD!$M$30,"ID_JUGADOR_1_EQUIPO_2",$A16),0) -> 0 | I16: =IFERROR(GETPIVOTDATA("Suma de PUNTO_EQUIPO_2",TD!$S$30,"ID_JUGADOR_2_EQUIPO_2",$A16),0) -> 5 | J16: =SUM(B16:I16) -> 21 | L16: Isabella Buitrago | M16: =IFERROR(GETPIVOTDATA("Cuenta de ID_PUNTO",TD!$A$3,"ID_JUGADOR_1_EQUIPO_1",$L16),0) -> 11 | N16: =IFERROR(GETPIVOTDATA("Cuenta de ID_PUNTO",TD!$G$3,"ID_JUGADOR_2_EQUIPO_1",$L16),0) -> 0 | O16: =IFERROR(GETPIVOTDATA("Cuenta de ID_PUNTO",TD!$M$3,"ID_JUGADOR_1_EQUIPO_2",$L16),0) -> 9 | P16: =IFERROR(GETPIVOTDATA("Cuenta de ID_PUNTO",TD!$S$3,"ID_JUGADOR_2_EQUIPO_2",$L16),0) -> 9 | Q16: =IFERROR(GETPIVOTDATA("Cuenta de ID_PUNTO",TD!$A$30,"ID_JUGADOR_1_EQUIPO_1",$L16),0) -> 0 | R16: =IFERROR(GETPIVOTDATA("Cuenta de ID_PUNTO",TD!$G$30,"ID_JUGADOR_2_EQUIPO_1",$L16),0) -> 0 | S16: =IFERROR(GETPIVOTDATA("Cuenta de ID_PUNTO",TD!$M$30,"ID_JUGADOR_1_EQUIPO_2",$L16),0) -> 0 | T16: =IFERROR(GETPIVOTDATA("Cuenta de ID_PUNTO",TD!$S$30,"ID_JUGADOR_2_EQUIPO_2",$L16),0) -> 12 | U16: =SUM(M16:T16) -> 41 | Y16: José Fabian Garcia | Z16: =VLOOKUP(Y16,$A$6:$J$42,10,FALSE()) -> 12 | AA16: =VLOOKUP(Y16,$L$6:$U$42,10,FALSE()) -> 22 | AB16: =Z16/AA16 -> 0.54545455
A17: Jeronimo Sanabria olivares | B17: =IFERROR(GETPIVOTDATA("Suma de PUNTO_EQUIPO_1",TD!$A$3,"ID_JUGADOR_1_EQUIPO_1",$A17),0) -> 0 | C17: =IFERROR(GETPIVOTDATA("Suma de PUNTO_EQUIPO_1",TD!$G$3,"ID_JUGADOR_2_EQUIPO_1",$A17),0) -> 0 | D17: =IFERROR(GETPIVOTDATA("Suma de PUNTO_EQUIPO_2",TD!$M$3,"ID_JUGADOR_1_EQUIPO_2",$A17),0) -> 0 | E17: =IFERROR(GETPIVOTDATA("Suma de PUNTO_EQUIPO_2",TD!$S$3,"ID_JUGADOR_2_EQUIPO_2",$A17),0) -> 0 | F17: =IFERROR(GETPIVOTDATA("Suma de PUNTO_EQUIPO_1",TD!$A$30,"ID_JUGADOR_1_EQUIPO_1",$A17),0) -> 0 | G17: =IFERROR(GETPIVOTDATA("Suma de PUNTO_EQUIPO_1",TD!$G$30,"ID_JUGADOR_2_EQUIPO_1",$A17),0) -> 7 | H17: =IFERROR(GETPIVOTDATA("Suma de PUNTO_EQUIPO_2",TD!$M$30,"ID_JUGADOR_1_EQUIPO_2",$A17),0) -> 0 | I17: =IFERROR(GETPIVOTDATA("Suma de PUNTO_EQUIPO_2",TD!$S$30,"ID_JUGADOR_2_EQUIPO_2",$A17),0) -> 0 | J17: =SUM(B17:I17) -> 7 | L17: Jeronimo Sanabria olivares | M17: =IFERROR(GETPIVOTDATA("Cuenta de ID_PUNTO",TD!$A$3,"ID_JUGADOR_1_EQUIPO_1",$L17),0) -> 0 | N17: =IFERROR(GETPIVOTDATA("Cuenta de ID_PUNTO",TD!$G$3,"ID_JUGADOR_2_EQUIPO_1",$L17),0) -> 0 | O17: =IFERROR(GETPIVOTDATA("Cuenta de ID_PUNTO",TD!$M$3,"ID_JUGADOR_1_EQUIPO_2",$L17),0) -> 0 | P17: =IFERROR(GETPIVOTDATA("Cuenta de ID_PUNTO",TD!$S$3,"ID_JUGADOR_2_EQUIPO_2",$L17),0) -> 0 | Q17: =IFERROR(GETPIVOTDATA("Cuenta de ID_PUNTO",TD!$A$30,"ID_JUGADOR_1_EQUIPO_1",$L17),0) -> 0 | R17: =IFERROR(GETPIVOTDATA("Cuenta de ID_PUNTO",TD!$G$30,"ID_JUGADOR_2_EQUIPO_1",$L17),0) -> 13 | S17: =IFERROR(GETPIVOTDATA("Cuenta de ID_PUNTO",TD!$M$30,"ID_JUGADOR_1_EQUIPO_2",$L17),0) -> 0 | T17: =IFERROR(GETPIVOTDATA("Cuenta de ID_PUNTO",TD!$S$30,"ID_JUGADOR_2_EQUIPO_2",$L17),0) -> 0 | U17: =SUM(M17:T17) -> 13 | Y17: Carlos Andrés Díaz Méndez | Z17: =VLOOKUP(Y17,$A$6:$J$42,10,FALSE()) -> 13 | AA17: =VLOOKUP(Y17,$L$6:$U$42,10,FALSE()) -> 24 | AB17: =Z17/AA17 -> 0.54166667
A18: Jorge Garcia | B18: =IFERROR(GETPIVOTDATA("Suma de PUNTO_EQUIPO_1",TD!$A$3,"ID_JUGADOR_1_EQUIPO_1",$A18),0) -> 7 | C18: =IFERROR(GETPIVOTDATA("Suma de PUNTO_EQUIPO_1",TD!$G$3,"ID_JUGADOR_2_EQUIPO_1",$A18),0) -> 0 | D18: =IFERROR(GETPIVOTDATA("Suma de PUNTO_EQUIPO_2",TD!$M$3,"ID_JUGADOR_1_EQUIPO_2",$A18),0) -> 0 | E18: =IFERROR(GETPIVOTDATA("Suma de PUNTO_EQUIPO_2",TD!$S$3,"ID_JUGADOR_2_EQUIPO_2",$A18),0) -> 0 | F18: =IFERROR(GETPIVOTDATA("Suma de PUNTO_EQUIPO_1",TD!$A$30,"ID_JUGADOR_1_EQUIPO_1",$A18),0) -> 13 | G18: =IFERROR(GETPIVOTDATA("Suma de PUNTO_EQUIPO_1",TD!$G$30,"ID_JUGADOR_2_EQUIPO_1",$A18),0) -> 7 | H18: =IFERROR(GETPIVOTDATA("Suma de PUNTO_EQUIPO_2",TD!$M$30,"ID_JUGADOR_1_EQUIPO_2",$A18),0) -> 6 | I18: =IFERROR(GETPIVOTDATA("Suma de PUNTO_EQUIPO_2",TD!$S$30,"ID_JUGADOR_2_EQUIPO_2",$A18),0) -> 0 | J18: =SUM(B18:I18) -> 33 | L18: Jorge Garcia | M18: =IFERROR(GETPIVOTDATA("Cuenta de ID_PUNTO",TD!$A$3,"ID_JUGADOR_1_EQUIPO_1",$L18),0) -> 11 | N18: =IFERROR(GETPIVOTDATA("Cuenta de ID_PUNTO",TD!$G$3,"ID_JUGADOR_2_EQUIPO_1",$L18),0) -> 0 | O18: =IFERROR(GETPIVOTDATA("Cuenta de ID_PUNTO",TD!$M$3,"ID_JUGADOR_1_EQUIPO_2",$L18),0) -> 0 | P18: =IFERROR(GETPIVOTDATA("Cuenta de ID_PUNTO",TD!$S$3,"ID_JUGADOR_2_EQUIPO_2",$L18),0) -> 0 | Q18: =IFERROR(GETPIVOTDATA("Cuenta de ID_PUNTO",TD!$A$30,"ID_JUGADOR_1_EQUIPO_1",$L18),0) -> 26 | R18: =IFERROR(GETPIVOTDATA("Cuenta de ID_PUNTO",TD!$G$30,"ID_JUGADOR_2_EQUIPO_1",$L18),0) -> 12 | S18: =IFERROR(GETPIVOTDATA("Cuenta de ID_PUNTO",TD!$M$30,"ID_JUGADOR_1_EQUIPO_2",$L18),0) -> 13 | T18: =IFERROR(GETPIVOTDATA("Cuenta de ID_PUNTO",TD!$S$30,"ID_JUGADOR_2_EQUIPO_2",$L18),0) -> 0 | U18: =SUM(M18:T18) -> 62 | Y18: YEISON DAVID NINO ARIAS | Z18: =VLOOKUP(Y18,$A$6:$J$42,10,FALSE()) -> 33 | AA18: =VLOOKUP(Y18,$L$6:$U$42,10,FALSE()) -> 61 | AB18: =Z18/AA18 -> 0.54098361
... A42: YEISON DAVID NINO ARIAS | B42: =IFERROR(GETPIVOTDATA("Suma de PUNTO_EQUIPO_1",TD!$A$3,"ID_JUGADOR_1_EQUIPO_1",$A42),0) -> 0 | C42: =IFERROR(GETPIVOTDATA("Suma de PUNTO_EQUIPO_1",TD!$G$3,"ID_JUGADOR_2_EQUIPO_1",$A42),0) -> 0 | D42: =IFERROR(GETPIVOTDATA("Suma de PUNTO_EQUIPO_2",TD!$M$3,"ID_JUGADOR_1_EQUIPO_2",$A42),0) -> 0 | E42: =IFERROR(GETPIVOTDATA("Suma de PUNTO_EQUIPO_2",TD!$S$3,"ID_JUGADOR_2_EQUIPO_2",$A42),0) -> 0 | F42: =IFERROR(GETPIVOTDATA("Suma de PUNTO_EQUIPO_1",TD!$A$30,"ID_JUGADOR_1_EQUIPO_1",$A42),0) -> 0 | G42: =IFERROR(GETPIVOTDATA("Suma de PUNTO_EQUIPO_1",TD!$G$30,"ID_JUGADOR_2_EQUIPO_1",$A42),0) -> 20 | H42: =IFERROR(GETPIVOTDATA("Suma de PUNTO_EQUIPO_2",TD!$M$30,"ID_JUGADOR_1_EQUIPO_2",$A42),0) -> 6 | I42: =IFERROR(GETPIVOTDATA("Suma de PUNTO_EQUIPO_2",TD!$S$30,"ID_JUGADOR_2_EQUIPO_2",$A42),0) -> 7 | J42: =SUM(B42:I42) -> 33 | L42: YEISON DAVID NINO ARIAS | M42: =IFERROR(GETPIVOTDATA("Cuenta de ID_PUNTO",TD!$A$3,"ID_JUGADOR_1_EQUIPO_1",$L42),0) -> 0 | N42: =IFERROR(GETPIVOTDATA("Cuenta de ID_PUNTO",TD!$G$3,"ID_JUGADOR_2_EQUIPO_1",$L42),0) -> 0 | O42: =IFERROR(GETPIVOTDATA("Cuenta de ID_PUNTO",TD!$M$3,"ID_JUGADOR_1_EQUIPO_2",$L42),0) -> 0 | P42: =IFERROR(GETPIVOTDATA("Cuenta de ID_PUNTO",TD!$S$3,"ID_JUGADOR_2_EQUIPO_2",$L42),0) -> 0 | Q42: =IFERROR(GETPIVOTDATA("Cuenta de ID_PUNTO",TD!$A$30,"ID_JUGADOR_1_EQUIPO_1",$L42),0) -> 0 | R42: =IFERROR(GETPIVOTDATA("Cuenta de ID_PUNTO",TD!$G$30,"ID_JUGADOR_2_EQUIPO_1",$L42),0) -> 35 | S42: =IFERROR(GETPIVOTDATA("Cuenta de ID_PUNTO",TD!$M$30,"ID_JUGADOR_1_EQUIPO_2",$L42),0) -> 13 | T42: =IFERROR(GETPIVOTDATA("Cuenta de ID_PUNTO",TD!$S$30,"ID_JUGADOR_2_EQUIPO_2",$L42),0) -> 13 | U42: =SUM(M42:T42) -> 61 | Y42: Pia Aroor | Z42: =VLOOKUP(Y42,$A$6:$J$42,10,FALSE()) -> 11 | AA42: =VLOOKUP(Y42,$L$6:$U$42,10,FALSE()) -> 46 | AB42: =Z42/AA42 -> 0.23913043
